[{"model": "admin.logentry", "pk": 92, "fields": {"action_time": "2021-07-24T13:42:49.833Z", "user": 4, "content_type": 17, "object_id": "1", "object_repr": "Bicycle", "action_flag": 2, "change_message": "[{\"changed\": {\"fields\": [\"Start date time\", \"End date time\"]}}]"}}, {"model": "admin.logentry", "pk": 93, "fields": {"action_time": "2021-07-24T13:43:39.428Z", "user": 4, "content_type": 17, "object_id": "2", "object_repr": "Laptop", "action_flag": 2, "change_message": "[{\"changed\": {\"fields\": [\"Start date time\", \"End date time\"]}}]"}}, {"model": "admin.logentry", "pk": 94, "fields": {"action_time": "2021-07-24T13:45:03.727Z", "user": 4, "content_type": 17, "object_id": "4", "object_repr": "Painting", "action_flag": 2, "change_message": "[{\"changed\": {\"fields\": [\"Start date time\", \"End date time\"]}}]"}}, {"model": "admin.logentry", "pk": 95, "fields": {"action_time": "2021-07-24T14:11:55.062Z", "user": 4, "content_type": 17, "object_id": "2", "object_repr": "Laptop", "action_flag": 2, "change_message": "[{\"changed\": {\"fields\": [\"End date time\"]}}]"}}, {"model": "admin.logentry", "pk": 96, "fields": {"action_time": "2021-07-24T14:13:03.115Z", "user": 4, "content_type": 17, "object_id": "2", "object_repr": "Laptop", "action_flag": 2, "change_message": "[{\"changed\": {\"fields\": [\"End date time\"]}}]"}}, {"model": "admin.logentry", "pk": 97, "fields": {"action_time": "2021-07-24T14:14:00.073Z", "user": 4, "content_type": 17, "object_id": "2", "object_repr": "Laptop", "action_flag": 2, "change_message": "[{\"changed\": {\"fields\": [\"Start date time\"]}}]"}}, {"model": "admin.logentry", "pk": 98, "fields": {"action_time": "2021-07-24T14:14:38.485Z", "user": 4, "content_type": 17, "object_id": "2", "object_repr": "Laptop", "action_flag": 2, "change_message": "[{\"changed\": {\"fields\": [\"End date time\"]}}]"}}, {"model": "admin.logentry", "pk": 99, "fields": {"action_time": "2021-07-24T14:14:56.002Z", "user": 4, "content_type": 17, "object_id": "2", "object_repr": "Laptop", "action_flag": 2, "change_message": "[{\"changed\": {\"fields\": [\"End date time\"]}}]"}}, {"model": "admin.logentry", "pk": 100, "fields": {"action_time": "2021-07-24T14:15:14.804Z", "user": 4, "content_type": 17, "object_id": "2", "object_repr": "Laptop", "action_flag": 2, "change_message": "[{\"changed\": {\"fields\": [\"End date time\"]}}]"}}, {"model": "admin.logentry", "pk": 101, "fields": {"action_time": "2021-07-24T14:15:23.810Z", "user": 4, "content_type": 17, "object_id": "2", "object_repr": "Laptop", "action_flag": 2, "change_message": "[{\"changed\": {\"fields\": [\"End date time\"]}}]"}}, {"model": "admin.logentry", "pk": 102, "fields": {"action_time": "2021-07-24T14:15:31.800Z", "user": 4, "content_type": 17, "object_id": "2", "object_repr": "Laptop", "action_flag": 2, "change_message": "[{\"changed\": {\"fields\": [\"End date time\"]}}]"}}, {"model": "admin.logentry", "pk": 103, "fields": {"action_time": "2021-07-24T14:15:45.320Z", "user": 4, "content_type": 17, "object_id": "2", "object_repr": "Laptop", "action_flag": 2, "change_message": "[{\"changed\": {\"fields\": [\"End date time\"]}}]"}}, {"model": "admin.logentry", "pk": 104, "fields": {"action_time": "2021-07-24T15:42:03.878Z", "user": 3, "content_type": 22, "object_id": "1", "object_repr": "Painting", "action_flag": 3, "change_message": ""}}, {"model": "admin.logentry", "pk": 105, "fields": {"action_time": "2021-07-24T15:42:55.350Z", "user": 3, "content_type": 22, "object_id": "2", "object_repr": "Painting", "action_flag": 3, "change_message": ""}}, {"model": "admin.logentry", "pk": 106, "fields": {"action_time": "2021-07-24T15:46:18.481Z", "user": 3, "content_type": 18, "object_id": "35", "object_repr": "Bid object (35)", "action_flag": 2, "change_message": "[{\"changed\": {\"fields\": [\"Bidder\"]}}]"}}, {"model": "admin.logentry", "pk": 107, "fields": {"action_time": "2021-07-24T15:46:26.685Z", "user": 3, "content_type": 22, "object_id": "3", "object_repr": "Painting", "action_flag": 2, "change_message": "[{\"changed\": {\"fields\": [\"Bidder\"]}}]"}}, {"model": "admin.logentry", "pk": 108, "fields": {"action_time": "2021-07-25T07:02:43.092Z", "user": 3, "content_type": 22, "object_id": "4", "object_repr": "Bicycle", "action_flag": 3, "change_message": ""}}, {"model": "admin.logentry", "pk": 109, "fields": {"action_time": "2021-07-25T07:02:43.130Z", "user": 3, "content_type": 22, "object_id": "3", "object_repr": "Painting", "action_flag": 3, "change_message": ""}}, {"model": "admin.logentry", "pk": 110, "fields": {"action_time": "2021-07-25T07:14:52.405Z", "user": 3, "content_type": 17, "object_id": "8", "object_repr": "Car", "action_flag": 2, "change_message": "[{\"changed\": {\"fields\": [\"End date time\"]}}]"}}, {"model": "admin.logentry", "pk": 111, "fields": {"action_time": "2021-07-25T09:20:45.357Z", "user": 3, "content_type": 18, "object_id": "42", "object_repr": "Bid object (42)", "action_flag": 3, "change_message": ""}}, {"model": "admin.logentry", "pk": 112, "fields": {"action_time": "2021-07-25T09:31:34.112Z", "user": 3, "content_type": 20, "object_id": "9", "object_repr": "7DC241DF81AE471386209FFCDD22E374", "action_flag": 2, "change_message": "[]"}}, {"model": "admin.logentry", "pk": 113, "fields": {"action_time": "2021-07-25T09:33:53.303Z", "user": 3, "content_type": 20, "object_id": "9", "object_repr": "7DC241DF81AE471386209FFCDD22E374", "action_flag": 2, "change_message": "[]"}}, {"model": "admin.logentry", "pk": 114, "fields": {"action_time": "2021-07-25T12:07:49.265Z", "user": 3, "content_type": 20, "object_id": "36", "object_repr": "73EBC009D85E4DAE8F9603DDBC1AB4F5", "action_flag": 2, "change_message": "[{\"changed\": {\"fields\": [\"User profile\"]}}]"}}, {"model": "admin.logentry", "pk": 115, "fields": {"action_time": "2021-07-25T12:53:53.058Z", "user": 3, "content_type": 22, "object_id": "28", "object_repr": "Bicycle", "action_flag": 3, "change_message": ""}}, {"model": "admin.logentry", "pk": 116, "fields": {"action_time": "2021-07-25T12:53:53.184Z", "user": 3, "content_type": 22, "object_id": "27", "object_repr": "Bicycle", "action_flag": 3, "change_message": ""}}, {"model": "admin.logentry", "pk": 117, "fields": {"action_time": "2021-07-25T13:04:04.935Z", "user": 3, "content_type": 22, "object_id": "29", "object_repr": "Bicycle", "action_flag": 3, "change_message": ""}}, {"model": "admin.logentry", "pk": 118, "fields": {"action_time": "2021-07-25T13:29:12.068Z", "user": 3, "content_type": 4, "object_id": "3", "object_repr": "AnoukSmet", "action_flag": 2, "change_message": "[{\"changed\": {\"fields\": [\"First name\", \"Last name\"]}}]"}}, {"model": "admin.logentry", "pk": 119, "fields": {"action_time": "2021-07-25T16:14:38.298Z", "user": 4, "content_type": 8, "object_id": "1", "object_repr": "arturpinho@gmail.com", "action_flag": 3, "change_message": ""}}, {"model": "admin.logentry", "pk": 120, "fields": {"action_time": "2021-07-25T16:14:57.925Z", "user": 4, "content_type": 8, "object_id": "4", "object_repr": "arturpinho@gmail.com", "action_flag": 1, "change_message": "[{\"added\": {}}]"}}, {"model": "admin.logentry", "pk": 121, "fields": {"action_time": "2021-07-25T16:15:19.554Z", "user": 4, "content_type": 4, "object_id": "1", "object_repr": "arturmpinho", "action_flag": 3, "change_message": ""}}, {"model": "admin.logentry", "pk": 122, "fields": {"action_time": "2021-07-25T16:15:31.763Z", "user": 4, "content_type": 4, "object_id": "4", "object_repr": "arturmpinho", "action_flag": 2, "change_message": "[{\"changed\": {\"fields\": [\"Username\"]}}]"}}, {"model": "admin.logentry", "pk": 123, "fields": {"action_time": "2021-07-25T20:21:07.086Z", "user": 4, "content_type": 8, "object_id": "5", "object_repr": "lacola9776@farthy.com", "action_flag": 2, "change_message": "[{\"changed\": {\"fields\": [\"Verified\"]}}]"}}, {"model": "admin.logentry", "pk": 124, "fields": {"action_time": "2021-07-26T08:47:01.173Z", "user": 4, "content_type": 17, "object_id": "9", "object_repr": "Coffee Machine", "action_flag": 1, "change_message": "[{\"added\": {}}]"}}, {"model": "admin.logentry", "pk": 125, "fields": {"action_time": "2021-07-26T08:52:41.951Z", "user": 4, "content_type": 17, "object_id": "9", "object_repr": "Coffee Machine", "action_flag": 2, "change_message": "[{\"changed\": {\"fields\": [\"Start date time\", \"End date time\"]}}]"}}, {"model": "admin.logentry", "pk": 126, "fields": {"action_time": "2021-07-26T08:52:59.653Z", "user": 4, "content_type": 17, "object_id": "9", "object_repr": "Coffee Machine", "action_flag": 2, "change_message": "[{\"changed\": {\"fields\": [\"End date time\"]}}]"}}, {"model": "admin.logentry", "pk": 127, "fields": {"action_time": "2021-07-26T08:53:22.575Z", "user": 4, "content_type": 17, "object_id": "9", "object_repr": "Coffee Machine", "action_flag": 2, "change_message": "[{\"changed\": {\"fields\": [\"End date time\"]}}]"}}, {"model": "admin.logentry", "pk": 128, "fields": {"action_time": "2021-07-26T18:59:43.439Z", "user": 3, "content_type": 17, "object_id": "12", "object_repr": "Bicycle", "action_flag": 1, "change_message": "[{\"added\": {}}]"}}, {"model": "admin.logentry", "pk": 129, "fields": {"action_time": "2021-07-26T20:16:46.159Z", "user": 3, "content_type": 16, "object_id": "40", "object_repr": "Gin", "action_flag": 2, "change_message": "[{\"changed\": {\"name\": \"image\", \"object\": \"Gin\", \"fields\": [\"Main image\"]}}]"}}, {"model": "admin.logentry", "pk": 130, "fields": {"action_time": "2021-07-27T11:04:53.419Z", "user": 4, "content_type": 17, "object_id": "17", "object_repr": "Rug", "action_flag": 1, "change_message": "[{\"added\": {}}]"}}, {"model": "admin.logentry", "pk": 131, "fields": {"action_time": "2021-07-27T11:24:01.838Z", "user": 4, "content_type": 17, "object_id": "17", "object_repr": "Rug", "action_flag": 2, "change_message": "[{\"changed\": {\"fields\": [\"Start date time\"]}}]"}}, {"model": "admin.logentry", "pk": 132, "fields": {"action_time": "2021-07-27T11:24:52.791Z", "user": 4, "content_type": 17, "object_id": "17", "object_repr": "Rug", "action_flag": 2, "change_message": "[{\"changed\": {\"fields\": [\"Start date time\"]}}]"}}, {"model": "admin.logentry", "pk": 133, "fields": {"action_time": "2021-07-27T11:26:43.237Z", "user": 4, "content_type": 17, "object_id": "17", "object_repr": "Rug", "action_flag": 2, "change_message": "[{\"changed\": {\"fields\": [\"Start date time\"]}}]"}}, {"model": "admin.logentry", "pk": 134, "fields": {"action_time": "2021-07-27T12:19:42.692Z", "user": 4, "content_type": 17, "object_id": "17", "object_repr": "Rug", "action_flag": 2, "change_message": "[{\"changed\": {\"fields\": [\"End date time\"]}}]"}}, {"model": "admin.logentry", "pk": 135, "fields": {"action_time": "2021-07-27T12:21:01.704Z", "user": 4, "content_type": 17, "object_id": "17", "object_repr": "Rug", "action_flag": 2, "change_message": "[{\"changed\": {\"fields\": [\"Start date time\", \"End date time\"]}}]"}}, {"model": "admin.logentry", "pk": 136, "fields": {"action_time": "2021-07-27T12:21:20.154Z", "user": 4, "content_type": 17, "object_id": "17", "object_repr": "Rug", "action_flag": 2, "change_message": "[{\"changed\": {\"fields\": [\"End date time\"]}}]"}}, {"model": "admin.logentry", "pk": 137, "fields": {"action_time": "2021-07-27T12:22:06.125Z", "user": 4, "content_type": 17, "object_id": "17", "object_repr": "Rug", "action_flag": 2, "change_message": "[{\"changed\": {\"fields\": [\"End date time\"]}}]"}}, {"model": "admin.logentry", "pk": 138, "fields": {"action_time": "2021-07-27T12:22:21.570Z", "user": 4, "content_type": 17, "object_id": "17", "object_repr": "Rug", "action_flag": 2, "change_message": "[{\"changed\": {\"fields\": [\"End date time\"]}}]"}}, {"model": "admin.logentry", "pk": 139, "fields": {"action_time": "2021-07-27T12:22:37.646Z", "user": 4, "content_type": 17, "object_id": "17", "object_repr": "Rug", "action_flag": 2, "change_message": "[{\"changed\": {\"fields\": [\"End date time\"]}}]"}}, {"model": "admin.logentry", "pk": 140, "fields": {"action_time": "2021-07-27T12:22:58.123Z", "user": 4, "content_type": 17, "object_id": "17", "object_repr": "Rug", "action_flag": 2, "change_message": "[{\"changed\": {\"fields\": [\"End date time\"]}}]"}}, {"model": "admin.logentry", "pk": 141, "fields": {"action_time": "2021-07-27T12:23:11.347Z", "user": 4, "content_type": 17, "object_id": "17", "object_repr": "Rug", "action_flag": 2, "change_message": "[{\"changed\": {\"fields\": [\"End date time\"]}}]"}}, {"model": "admin.logentry", "pk": 142, "fields": {"action_time": "2021-07-27T12:23:20.679Z", "user": 4, "content_type": 17, "object_id": "17", "object_repr": "Rug", "action_flag": 2, "change_message": "[{\"changed\": {\"fields\": [\"End date time\"]}}]"}}, {"model": "admin.logentry", "pk": 143, "fields": {"action_time": "2021-07-27T13:38:22.255Z", "user": 4, "content_type": 17, "object_id": "17", "object_repr": "Ring", "action_flag": 2, "change_message": "[{\"changed\": {\"fields\": [\"Product\", \"Start date time\", \"End date time\"]}}]"}}, {"model": "admin.logentry", "pk": 144, "fields": {"action_time": "2021-07-27T13:38:52.681Z", "user": 4, "content_type": 17, "object_id": "17", "object_repr": "Ring", "action_flag": 2, "change_message": "[{\"changed\": {\"fields\": [\"End date time\"]}}]"}}, {"model": "admin.logentry", "pk": 145, "fields": {"action_time": "2021-07-27T13:40:04.642Z", "user": 4, "content_type": 17, "object_id": "17", "object_repr": "Ring", "action_flag": 2, "change_message": "[{\"changed\": {\"fields\": [\"End date time\"]}}]"}}, {"model": "admin.logentry", "pk": 146, "fields": {"action_time": "2021-07-27T15:47:41.430Z", "user": 4, "content_type": 17, "object_id": "17", "object_repr": "Ring", "action_flag": 2, "change_message": "[{\"changed\": {\"fields\": [\"Start date time\"]}}]"}}, {"model": "admin.logentry", "pk": 147, "fields": {"action_time": "2021-07-27T15:48:05.667Z", "user": 4, "content_type": 17, "object_id": "17", "object_repr": "Ring", "action_flag": 2, "change_message": "[]"}}, {"model": "admin.logentry", "pk": 148, "fields": {"action_time": "2021-07-27T15:49:16.615Z", "user": 4, "content_type": 17, "object_id": "17", "object_repr": "Ring", "action_flag": 2, "change_message": "[{\"changed\": {\"fields\": [\"Start date time\"]}}]"}}, {"model": "admin.logentry", "pk": 149, "fields": {"action_time": "2021-07-27T14:49:34.410Z", "user": 4, "content_type": 17, "object_id": "1", "object_repr": "Bicycle", "action_flag": 2, "change_message": "[{\"changed\": {\"fields\": [\"Start date time\", \"End date time\"]}}]"}}, {"model": "admin.logentry", "pk": 150, "fields": {"action_time": "2021-07-27T14:53:49.544Z", "user": 4, "content_type": 17, "object_id": "1", "object_repr": "Bicycle", "action_flag": 2, "change_message": "[{\"changed\": {\"fields\": [\"Start date time\", \"End date time\"]}}]"}}, {"model": "admin.logentry", "pk": 151, "fields": {"action_time": "2021-07-27T15:04:44.248Z", "user": 4, "content_type": 17, "object_id": "1", "object_repr": "Bicycle", "action_flag": 2, "change_message": "[{\"changed\": {\"fields\": [\"End date time\"]}}]"}}, {"model": "admin.logentry", "pk": 152, "fields": {"action_time": "2021-07-27T16:14:33.696Z", "user": 4, "content_type": 17, "object_id": "1", "object_repr": "Bicycle", "action_flag": 2, "change_message": "[{\"changed\": {\"fields\": [\"Start date time\", \"End date time\"]}}]"}}, {"model": "admin.logentry", "pk": 153, "fields": {"action_time": "2021-07-27T16:15:57.445Z", "user": 4, "content_type": 17, "object_id": "1", "object_repr": "Bicycle", "action_flag": 2, "change_message": "[{\"changed\": {\"fields\": [\"End date time\"]}}]"}}, {"model": "admin.logentry", "pk": 154, "fields": {"action_time": "2021-07-27T16:18:39.482Z", "user": 4, "content_type": 17, "object_id": "1", "object_repr": "Bicycle", "action_flag": 2, "change_message": "[{\"changed\": {\"fields\": [\"End date time\"]}}]"}}, {"model": "admin.logentry", "pk": 155, "fields": {"action_time": "2021-07-27T16:18:54.608Z", "user": 4, "content_type": 17, "object_id": "1", "object_repr": "Bicycle", "action_flag": 2, "change_message": "[{\"changed\": {\"fields\": [\"End date time\"]}}]"}}, {"model": "admin.logentry", "pk": 156, "fields": {"action_time": "2021-07-27T16:21:49.057Z", "user": 4, "content_type": 17, "object_id": "1", "object_repr": "Bicycle", "action_flag": 2, "change_message": "[{\"changed\": {\"fields\": [\"End date time\"]}}]"}}, {"model": "admin.logentry", "pk": 157, "fields": {"action_time": "2021-07-27T16:24:36.039Z", "user": 4, "content_type": 17, "object_id": "1", "object_repr": "Bicycle", "action_flag": 2, "change_message": "[{\"changed\": {\"fields\": [\"End date time\"]}}]"}}, {"model": "admin.logentry", "pk": 158, "fields": {"action_time": "2021-07-27T16:28:33.334Z", "user": 4, "content_type": 17, "object_id": "1", "object_repr": "Bicycle", "action_flag": 2, "change_message": "[{\"changed\": {\"fields\": [\"End date time\"]}}]"}}, {"model": "admin.logentry", "pk": 159, "fields": {"action_time": "2021-07-27T16:29:38.439Z", "user": 4, "content_type": 17, "object_id": "1", "object_repr": "Bicycle", "action_flag": 2, "change_message": "[{\"changed\": {\"fields\": [\"End date time\"]}}]"}}, {"model": "admin.logentry", "pk": 160, "fields": {"action_time": "2021-07-27T16:30:19.473Z", "user": 4, "content_type": 17, "object_id": "1", "object_repr": "Bicycle", "action_flag": 2, "change_message": "[{\"changed\": {\"fields\": [\"End date time\"]}}]"}}, {"model": "admin.logentry", "pk": 161, "fields": {"action_time": "2021-07-27T16:30:35.974Z", "user": 4, "content_type": 17, "object_id": "1", "object_repr": "Bicycle", "action_flag": 2, "change_message": "[{\"changed\": {\"fields\": [\"End date time\"]}}]"}}, {"model": "admin.logentry", "pk": 162, "fields": {"action_time": "2021-07-27T16:34:28.704Z", "user": 4, "content_type": 17, "object_id": "1", "object_repr": "Bicycle", "action_flag": 2, "change_message": "[{\"changed\": {\"fields\": [\"End date time\"]}}]"}}, {"model": "admin.logentry", "pk": 163, "fields": {"action_time": "2021-07-27T16:38:51.461Z", "user": 4, "content_type": 17, "object_id": "1", "object_repr": "Bicycle", "action_flag": 2, "change_message": "[{\"changed\": {\"fields\": [\"End date time\"]}}]"}}, {"model": "admin.logentry", "pk": 164, "fields": {"action_time": "2021-07-27T16:39:15.603Z", "user": 4, "content_type": 17, "object_id": "1", "object_repr": "Bicycle", "action_flag": 2, "change_message": "[{\"changed\": {\"fields\": [\"End date time\"]}}]"}}, {"model": "admin.logentry", "pk": 165, "fields": {"action_time": "2021-07-27T16:41:59.395Z", "user": 4, "content_type": 17, "object_id": "1", "object_repr": "Bicycle", "action_flag": 2, "change_message": "[{\"changed\": {\"fields\": [\"End date time\"]}}]"}}, {"model": "admin.logentry", "pk": 166, "fields": {"action_time": "2021-07-27T16:43:33.767Z", "user": 4, "content_type": 17, "object_id": "1", "object_repr": "Bicycle", "action_flag": 2, "change_message": "[{\"changed\": {\"fields\": [\"End date time\"]}}]"}}, {"model": "admin.logentry", "pk": 167, "fields": {"action_time": "2021-07-27T16:44:05.676Z", "user": 4, "content_type": 17, "object_id": "1", "object_repr": "Bicycle", "action_flag": 2, "change_message": "[{\"changed\": {\"fields\": [\"End date time\"]}}]"}}, {"model": "admin.logentry", "pk": 168, "fields": {"action_time": "2021-07-27T16:47:34.021Z", "user": 4, "content_type": 17, "object_id": "1", "object_repr": "Bicycle", "action_flag": 2, "change_message": "[{\"changed\": {\"fields\": [\"End date time\"]}}]"}}, {"model": "admin.logentry", "pk": 169, "fields": {"action_time": "2021-07-27T16:51:23.901Z", "user": 4, "content_type": 17, "object_id": "1", "object_repr": "Bicycle", "action_flag": 2, "change_message": "[{\"changed\": {\"fields\": [\"End date time\"]}}]"}}, {"model": "admin.logentry", "pk": 170, "fields": {"action_time": "2021-07-27T16:51:36.440Z", "user": 4, "content_type": 17, "object_id": "1", "object_repr": "Bicycle", "action_flag": 2, "change_message": "[{\"changed\": {\"fields\": [\"End date time\"]}}]"}}, {"model": "admin.logentry", "pk": 171, "fields": {"action_time": "2021-07-27T16:52:16.546Z", "user": 4, "content_type": 17, "object_id": "1", "object_repr": "Bicycle", "action_flag": 2, "change_message": "[{\"changed\": {\"fields\": [\"End date time\"]}}]"}}, {"model": "admin.logentry", "pk": 172, "fields": {"action_time": "2021-07-27T17:39:29.962Z", "user": 4, "content_type": 17, "object_id": "1", "object_repr": "Bicycle", "action_flag": 2, "change_message": "[{\"changed\": {\"fields\": [\"End date time\"]}}]"}}, {"model": "admin.logentry", "pk": 173, "fields": {"action_time": "2021-07-27T17:46:21.282Z", "user": 4, "content_type": 17, "object_id": "1", "object_repr": "Bicycle", "action_flag": 2, "change_message": "[{\"changed\": {\"fields\": [\"End date time\"]}}]"}}, {"model": "admin.logentry", "pk": 174, "fields": {"action_time": "2021-07-27T17:47:38.380Z", "user": 4, "content_type": 17, "object_id": "1", "object_repr": "Bicycle", "action_flag": 2, "change_message": "[{\"changed\": {\"fields\": [\"End date time\"]}}]"}}, {"model": "admin.logentry", "pk": 175, "fields": {"action_time": "2021-07-27T17:49:22.535Z", "user": 4, "content_type": 17, "object_id": "1", "object_repr": "Bicycle", "action_flag": 2, "change_message": "[{\"changed\": {\"fields\": [\"End date time\"]}}]"}}, {"model": "admin.logentry", "pk": 176, "fields": {"action_time": "2021-07-27T18:25:27.681Z", "user": 4, "content_type": 17, "object_id": "1", "object_repr": "Bicycle", "action_flag": 2, "change_message": "[{\"changed\": {\"fields\": [\"End date time\"]}}]"}}, {"model": "admin.logentry", "pk": 177, "fields": {"action_time": "2021-07-27T18:27:34.428Z", "user": 4, "content_type": 17, "object_id": "1", "object_repr": "Bicycle", "action_flag": 2, "change_message": "[{\"changed\": {\"fields\": [\"End date time\"]}}]"}}, {"model": "admin.logentry", "pk": 178, "fields": {"action_time": "2021-07-27T18:29:40.498Z", "user": 4, "content_type": 17, "object_id": "1", "object_repr": "Bicycle", "action_flag": 2, "change_message": "[{\"changed\": {\"fields\": [\"End date time\"]}}]"}}, {"model": "admin.logentry", "pk": 179, "fields": {"action_time": "2021-07-27T18:30:24.241Z", "user": 4, "content_type": 17, "object_id": "1", "object_repr": "Bicycle", "action_flag": 2, "change_message": "[{\"changed\": {\"fields\": [\"End date time\"]}}]"}}, {"model": "admin.logentry", "pk": 180, "fields": {"action_time": "2021-07-27T18:31:45.771Z", "user": 4, "content_type": 17, "object_id": "1", "object_repr": "Bicycle", "action_flag": 2, "change_message": "[{\"changed\": {\"fields\": [\"End date time\"]}}]"}}, {"model": "admin.logentry", "pk": 181, "fields": {"action_time": "2021-07-27T18:32:36.355Z", "user": 4, "content_type": 17, "object_id": "1", "object_repr": "Bicycle", "action_flag": 2, "change_message": "[{\"changed\": {\"fields\": [\"End date time\"]}}]"}}, {"model": "admin.logentry", "pk": 182, "fields": {"action_time": "2021-07-27T18:34:07.780Z", "user": 4, "content_type": 17, "object_id": "1", "object_repr": "Bicycle", "action_flag": 2, "change_message": "[{\"changed\": {\"fields\": [\"End date time\"]}}]"}}, {"model": "admin.logentry", "pk": 183, "fields": {"action_time": "2021-07-27T18:35:13.125Z", "user": 4, "content_type": 17, "object_id": "1", "object_repr": "Bicycle", "action_flag": 2, "change_message": "[{\"changed\": {\"fields\": [\"End date time\"]}}]"}}, {"model": "admin.logentry", "pk": 184, "fields": {"action_time": "2021-07-27T18:37:27.337Z", "user": 4, "content_type": 17, "object_id": "1", "object_repr": "Bicycle", "action_flag": 2, "change_message": "[{\"changed\": {\"fields\": [\"End date time\"]}}]"}}, {"model": "admin.logentry", "pk": 185, "fields": {"action_time": "2021-07-27T18:38:00.101Z", "user": 4, "content_type": 17, "object_id": "1", "object_repr": "Bicycle", "action_flag": 2, "change_message": "[{\"changed\": {\"fields\": [\"End date time\"]}}]"}}, {"model": "admin.logentry", "pk": 186, "fields": {"action_time": "2021-07-27T18:40:37.408Z", "user": 4, "content_type": 17, "object_id": "1", "object_repr": "Bicycle", "action_flag": 2, "change_message": "[{\"changed\": {\"fields\": [\"End date time\"]}}]"}}, {"model": "admin.logentry", "pk": 187, "fields": {"action_time": "2021-07-27T18:41:06.358Z", "user": 4, "content_type": 17, "object_id": "1", "object_repr": "Bicycle", "action_flag": 2, "change_message": "[{\"changed\": {\"fields\": [\"End date time\"]}}]"}}, {"model": "admin.logentry", "pk": 188, "fields": {"action_time": "2021-07-27T18:43:53.101Z", "user": 4, "content_type": 17, "object_id": "1", "object_repr": "Bicycle", "action_flag": 2, "change_message": "[{\"changed\": {\"fields\": [\"End date time\"]}}]"}}, {"model": "admin.logentry", "pk": 189, "fields": {"action_time": "2021-07-27T18:54:29.416Z", "user": 4, "content_type": 17, "object_id": "1", "object_repr": "Bicycle", "action_flag": 2, "change_message": "[{\"changed\": {\"fields\": [\"End date time\"]}}]"}}, {"model": "admin.logentry", "pk": 190, "fields": {"action_time": "2021-07-27T19:40:02.142Z", "user": 4, "content_type": 17, "object_id": "1", "object_repr": "Bicycle", "action_flag": 2, "change_message": "[{\"changed\": {\"fields\": [\"End date time\"]}}]"}}, {"model": "admin.logentry", "pk": 191, "fields": {"action_time": "2021-07-27T19:45:35.979Z", "user": 4, "content_type": 17, "object_id": "1", "object_repr": "Bicycle", "action_flag": 2, "change_message": "[{\"changed\": {\"fields\": [\"End date time\"]}}]"}}, {"model": "admin.logentry", "pk": 192, "fields": {"action_time": "2021-07-27T19:49:33.007Z", "user": 4, "content_type": 17, "object_id": "1", "object_repr": "Bicycle", "action_flag": 2, "change_message": "[{\"changed\": {\"fields\": [\"End date time\"]}}]"}}, {"model": "admin.logentry", "pk": 193, "fields": {"action_time": "2021-07-27T19:51:07.667Z", "user": 4, "content_type": 17, "object_id": "1", "object_repr": "Bicycle", "action_flag": 2, "change_message": "[{\"changed\": {\"fields\": [\"End date time\"]}}]"}}, {"model": "admin.logentry", "pk": 194, "fields": {"action_time": "2021-07-27T19:51:23.166Z", "user": 4, "content_type": 17, "object_id": "1", "object_repr": "Bicycle", "action_flag": 2, "change_message": "[{\"changed\": {\"fields\": [\"End date time\"]}}]"}}, {"model": "admin.logentry", "pk": 195, "fields": {"action_time": "2021-07-27T19:51:56.701Z", "user": 4, "content_type": 17, "object_id": "1", "object_repr": "Bicycle", "action_flag": 2, "change_message": "[{\"changed\": {\"fields\": [\"End date time\"]}}]"}}, {"model": "admin.logentry", "pk": 196, "fields": {"action_time": "2021-07-27T19:54:14.940Z", "user": 4, "content_type": 17, "object_id": "1", "object_repr": "Bicycle", "action_flag": 2, "change_message": "[{\"changed\": {\"fields\": [\"End date time\"]}}]"}}, {"model": "admin.logentry", "pk": 197, "fields": {"action_time": "2021-07-27T19:55:57.869Z", "user": 4, "content_type": 17, "object_id": "1", "object_repr": "Bicycle", "action_flag": 2, "change_message": "[{\"changed\": {\"fields\": [\"End date time\"]}}]"}}, {"model": "admin.logentry", "pk": 198, "fields": {"action_time": "2021-07-27T19:57:41.612Z", "user": 4, "content_type": 17, "object_id": "1", "object_repr": "Bicycle", "action_flag": 2, "change_message": "[{\"changed\": {\"fields\": [\"End date time\"]}}]"}}, {"model": "admin.logentry", "pk": 199, "fields": {"action_time": "2021-07-27T19:58:28.408Z", "user": 4, "content_type": 17, "object_id": "1", "object_repr": "Bicycle", "action_flag": 2, "change_message": "[{\"changed\": {\"fields\": [\"End date time\"]}}]"}}, {"model": "admin.logentry", "pk": 200, "fields": {"action_time": "2021-07-27T19:59:42.375Z", "user": 4, "content_type": 17, "object_id": "1", "object_repr": "Bicycle", "action_flag": 2, "change_message": "[{\"changed\": {\"fields\": [\"Start date time\"]}}]"}}, {"model": "admin.logentry", "pk": 201, "fields": {"action_time": "2021-07-27T19:59:44.635Z", "user": 4, "content_type": 17, "object_id": "1", "object_repr": "Bicycle", "action_flag": 2, "change_message": "[]"}}, {"model": "admin.logentry", "pk": 202, "fields": {"action_time": "2021-07-27T19:59:55.650Z", "user": 4, "content_type": 17, "object_id": "1", "object_repr": "Bicycle", "action_flag": 2, "change_message": "[{\"changed\": {\"fields\": [\"End date time\"]}}]"}}, {"model": "admin.logentry", "pk": 203, "fields": {"action_time": "2021-07-27T19:59:57.630Z", "user": 4, "content_type": 17, "object_id": "1", "object_repr": "Bicycle", "action_flag": 2, "change_message": "[]"}}, {"model": "admin.logentry", "pk": 204, "fields": {"action_time": "2021-07-27T20:09:54.782Z", "user": 4, "content_type": 17, "object_id": "1", "object_repr": "Bicycle", "action_flag": 2, "change_message": "[{\"changed\": {\"fields\": [\"Start date time\"]}}]"}}, {"model": "admin.logentry", "pk": 205, "fields": {"action_time": "2021-07-27T20:11:35.323Z", "user": 4, "content_type": 17, "object_id": "1", "object_repr": "Bicycle", "action_flag": 2, "change_message": "[{\"changed\": {\"fields\": [\"Start date time\"]}}]"}}, {"model": "admin.logentry", "pk": 206, "fields": {"action_time": "2021-07-27T20:13:18.642Z", "user": 4, "content_type": 17, "object_id": "1", "object_repr": "Bicycle", "action_flag": 2, "change_message": "[{\"changed\": {\"fields\": [\"Start date time\"]}}]"}}, {"model": "admin.logentry", "pk": 207, "fields": {"action_time": "2021-07-27T20:46:11.734Z", "user": 4, "content_type": 17, "object_id": "1", "object_repr": "Bicycle", "action_flag": 2, "change_message": "[{\"changed\": {\"fields\": [\"Start date time\", \"End date time\"]}}]"}}, {"model": "admin.logentry", "pk": 208, "fields": {"action_time": "2021-07-27T20:46:43.814Z", "user": 4, "content_type": 17, "object_id": "1", "object_repr": "Bicycle", "action_flag": 2, "change_message": "[{\"changed\": {\"fields\": [\"End date time\"]}}]"}}, {"model": "admin.logentry", "pk": 209, "fields": {"action_time": "2021-07-27T20:51:15.751Z", "user": 4, "content_type": 17, "object_id": "1", "object_repr": "Bicycle", "action_flag": 2, "change_message": "[{\"changed\": {\"fields\": [\"End date time\"]}}]"}}, {"model": "admin.logentry", "pk": 210, "fields": {"action_time": "2021-07-27T20:52:04.426Z", "user": 4, "content_type": 17, "object_id": "1", "object_repr": "Bicycle", "action_flag": 2, "change_message": "[{\"changed\": {\"fields\": [\"End date time\"]}}]"}}, {"model": "admin.logentry", "pk": 211, "fields": {"action_time": "2021-07-27T21:02:41.341Z", "user": 4, "content_type": 17, "object_id": "1", "object_repr": "Bicycle", "action_flag": 2, "change_message": "[{\"changed\": {\"fields\": [\"End date time\"]}}]"}}, {"model": "admin.logentry", "pk": 212, "fields": {"action_time": "2021-07-27T21:08:51.628Z", "user": 4, "content_type": 17, "object_id": "1", "object_repr": "Bicycle", "action_flag": 2, "change_message": "[{\"changed\": {\"fields\": [\"End date time\"]}}]"}}, {"model": "admin.logentry", "pk": 213, "fields": {"action_time": "2021-07-27T21:11:26.377Z", "user": 4, "content_type": 17, "object_id": "1", "object_repr": "Bicycle", "action_flag": 2, "change_message": "[{\"changed\": {\"fields\": [\"Start date time\", \"End date time\"]}}]"}}, {"model": "admin.logentry", "pk": 214, "fields": {"action_time": "2021-07-27T21:12:41.696Z", "user": 4, "content_type": 17, "object_id": "1", "object_repr": "Bicycle", "action_flag": 2, "change_message": "[{\"changed\": {\"fields\": [\"Start date time\"]}}]"}}, {"model": "admin.logentry", "pk": 215, "fields": {"action_time": "2021-07-27T21:13:41.467Z", "user": 4, "content_type": 17, "object_id": "1", "object_repr": "Bicycle", "action_flag": 2, "change_message": "[{\"changed\": {\"fields\": [\"End date time\"]}}]"}}, {"model": "admin.logentry", "pk": 216, "fields": {"action_time": "2021-07-27T21:13:50.566Z", "user": 4, "content_type": 17, "object_id": "1", "object_repr": "Bicycle", "action_flag": 2, "change_message": "[{\"changed\": {\"fields\": [\"End date time\"]}}]"}}, {"model": "admin.logentry", "pk": 217, "fields": {"action_time": "2021-07-27T21:14:35.021Z", "user": 4, "content_type": 17, "object_id": "1", "object_repr": "Bicycle", "action_flag": 2, "change_message": "[{\"changed\": {\"fields\": [\"End date time\"]}}]"}}, {"model": "admin.logentry", "pk": 218, "fields": {"action_time": "2021-07-27T21:15:59.692Z", "user": 4, "content_type": 17, "object_id": "1", "object_repr": "Bicycle", "action_flag": 2, "change_message": "[{\"changed\": {\"fields\": [\"End date time\"]}}]"}}, {"model": "admin.logentry", "pk": 219, "fields": {"action_time": "2021-07-27T21:19:55.922Z", "user": 4, "content_type": 17, "object_id": "1", "object_repr": "Bicycle", "action_flag": 2, "change_message": "[{\"changed\": {\"fields\": [\"End date time\"]}}]"}}, {"model": "admin.logentry", "pk": 220, "fields": {"action_time": "2021-07-27T21:20:22.640Z", "user": 4, "content_type": 17, "object_id": "1", "object_repr": "Bicycle", "action_flag": 2, "change_message": "[{\"changed\": {\"fields\": [\"End date time\"]}}]"}}, {"model": "admin.logentry", "pk": 221, "fields": {"action_time": "2021-07-27T21:21:18.564Z", "user": 4, "content_type": 17, "object_id": "1", "object_repr": "Bicycle", "action_flag": 2, "change_message": "[{\"changed\": {\"fields\": [\"End date time\"]}}]"}}, {"model": "admin.logentry", "pk": 222, "fields": {"action_time": "2021-07-27T21:22:04.626Z", "user": 4, "content_type": 17, "object_id": "1", "object_repr": "Bicycle", "action_flag": 2, "change_message": "[{\"changed\": {\"fields\": [\"End date time\"]}}]"}}, {"model": "admin.logentry", "pk": 223, "fields": {"action_time": "2021-07-27T21:22:22.671Z", "user": 4, "content_type": 17, "object_id": "1", "object_repr": "Bicycle", "action_flag": 2, "change_message": "[{\"changed\": {\"fields\": [\"End date time\"]}}]"}}, {"model": "admin.logentry", "pk": 224, "fields": {"action_time": "2021-07-27T21:22:40.000Z", "user": 4, "content_type": 17, "object_id": "1", "object_repr": "Bicycle", "action_flag": 2, "change_message": "[{\"changed\": {\"fields\": [\"End date time\"]}}]"}}, {"model": "admin.logentry", "pk": 225, "fields": {"action_time": "2021-07-27T21:24:03.911Z", "user": 4, "content_type": 17, "object_id": "1", "object_repr": "Bicycle", "action_flag": 2, "change_message": "[{\"changed\": {\"fields\": [\"End date time\"]}}]"}}, {"model": "admin.logentry", "pk": 226, "fields": {"action_time": "2021-07-27T21:25:05.708Z", "user": 4, "content_type": 17, "object_id": "1", "object_repr": "Bicycle", "action_flag": 2, "change_message": "[{\"changed\": {\"fields\": [\"End date time\"]}}]"}}, {"model": "admin.logentry", "pk": 227, "fields": {"action_time": "2021-07-27T21:25:07.373Z", "user": 4, "content_type": 17, "object_id": "1", "object_repr": "Bicycle", "action_flag": 2, "change_message": "[]"}}, {"model": "admin.logentry", "pk": 228, "fields": {"action_time": "2021-07-27T21:29:53.419Z", "user": 4, "content_type": 17, "object_id": "1", "object_repr": "Bicycle", "action_flag": 2, "change_message": "[{\"changed\": {\"fields\": [\"End date time\"]}}]"}}, {"model": "admin.logentry", "pk": 229, "fields": {"action_time": "2021-07-27T21:38:36.153Z", "user": 4, "content_type": 17, "object_id": "1", "object_repr": "Bicycle", "action_flag": 2, "change_message": "[{\"changed\": {\"fields\": [\"End date time\"]}}]"}}, {"model": "admin.logentry", "pk": 230, "fields": {"action_time": "2021-07-27T21:40:45.792Z", "user": 4, "content_type": 17, "object_id": "1", "object_repr": "Bicycle", "action_flag": 2, "change_message": "[{\"changed\": {\"fields\": [\"End date time\"]}}]"}}, {"model": "admin.logentry", "pk": 231, "fields": {"action_time": "2021-07-27T21:41:13.327Z", "user": 4, "content_type": 17, "object_id": "1", "object_repr": "Bicycle", "action_flag": 2, "change_message": "[{\"changed\": {\"fields\": [\"End date time\"]}}]"}}, {"model": "admin.logentry", "pk": 232, "fields": {"action_time": "2021-07-27T21:44:10.092Z", "user": 4, "content_type": 17, "object_id": "1", "object_repr": "Bicycle", "action_flag": 2, "change_message": "[{\"changed\": {\"fields\": [\"End date time\"]}}]"}}, {"model": "admin.logentry", "pk": 233, "fields": {"action_time": "2021-07-27T21:45:00.363Z", "user": 4, "content_type": 17, "object_id": "1", "object_repr": "Bicycle", "action_flag": 2, "change_message": "[{\"changed\": {\"fields\": [\"End date time\"]}}]"}}, {"model": "admin.logentry", "pk": 234, "fields": {"action_time": "2021-07-27T21:46:06.856Z", "user": 4, "content_type": 17, "object_id": "1", "object_repr": "Bicycle", "action_flag": 2, "change_message": "[{\"changed\": {\"fields\": [\"End date time\"]}}]"}}, {"model": "admin.logentry", "pk": 235, "fields": {"action_time": "2021-07-27T21:46:38.095Z", "user": 4, "content_type": 17, "object_id": "1", "object_repr": "Bicycle", "action_flag": 2, "change_message": "[{\"changed\": {\"fields\": [\"End date time\"]}}]"}}, {"model": "admin.logentry", "pk": 236, "fields": {"action_time": "2021-07-27T21:47:54.839Z", "user": 4, "content_type": 17, "object_id": "1", "object_repr": "Bicycle", "action_flag": 2, "change_message": "[{\"changed\": {\"fields\": [\"End date time\"]}}]"}}, {"model": "admin.logentry", "pk": 237, "fields": {"action_time": "2021-07-27T21:48:51.855Z", "user": 4, "content_type": 17, "object_id": "1", "object_repr": "Bicycle", "action_flag": 2, "change_message": "[{\"changed\": {\"fields\": [\"End date time\"]}}]"}}, {"model": "admin.logentry", "pk": 238, "fields": {"action_time": "2021-07-27T21:50:05.256Z", "user": 4, "content_type": 17, "object_id": "1", "object_repr": "Bicycle", "action_flag": 2, "change_message": "[{\"changed\": {\"fields\": [\"End date time\"]}}]"}}, {"model": "admin.logentry", "pk": 239, "fields": {"action_time": "2021-07-27T21:50:39.411Z", "user": 4, "content_type": 17, "object_id": "1", "object_repr": "Bicycle", "action_flag": 2, "change_message": "[{\"changed\": {\"fields\": [\"End date time\"]}}]"}}, {"model": "admin.logentry", "pk": 240, "fields": {"action_time": "2021-07-27T21:51:21.182Z", "user": 4, "content_type": 17, "object_id": "1", "object_repr": "Bicycle", "action_flag": 2, "change_message": "[{\"changed\": {\"fields\": [\"End date time\"]}}]"}}, {"model": "admin.logentry", "pk": 241, "fields": {"action_time": "2021-07-27T21:52:27.879Z", "user": 4, "content_type": 17, "object_id": "1", "object_repr": "Bicycle", "action_flag": 2, "change_message": "[{\"changed\": {\"fields\": [\"End date time\"]}}]"}}, {"model": "admin.logentry", "pk": 242, "fields": {"action_time": "2021-07-27T21:56:15.548Z", "user": 4, "content_type": 17, "object_id": "1", "object_repr": "Bicycle", "action_flag": 2, "change_message": "[{\"changed\": {\"fields\": [\"End date time\"]}}]"}}, {"model": "admin.logentry", "pk": 243, "fields": {"action_time": "2021-07-27T21:58:50.936Z", "user": 4, "content_type": 17, "object_id": "1", "object_repr": "Bicycle", "action_flag": 2, "change_message": "[{\"changed\": {\"fields\": [\"End date time\"]}}]"}}, {"model": "admin.logentry", "pk": 244, "fields": {"action_time": "2021-07-27T22:01:23.502Z", "user": 4, "content_type": 17, "object_id": "1", "object_repr": "Bicycle", "action_flag": 2, "change_message": "[{\"changed\": {\"fields\": [\"End date time\"]}}]"}}, {"model": "admin.logentry", "pk": 245, "fields": {"action_time": "2021-07-27T22:01:31.196Z", "user": 4, "content_type": 17, "object_id": "1", "object_repr": "Bicycle", "action_flag": 2, "change_message": "[{\"changed\": {\"fields\": [\"End date time\"]}}]"}}, {"model": "admin.logentry", "pk": 246, "fields": {"action_time": "2021-07-27T22:02:19.406Z", "user": 4, "content_type": 17, "object_id": "1", "object_repr": "Bicycle", "action_flag": 2, "change_message": "[{\"changed\": {\"fields\": [\"End date time\"]}}]"}}, {"model": "admin.logentry", "pk": 247, "fields": {"action_time": "2021-07-27T22:03:20.723Z", "user": 4, "content_type": 17, "object_id": "1", "object_repr": "Bicycle", "action_flag": 2, "change_message": "[{\"changed\": {\"fields\": [\"End date time\"]}}]"}}, {"model": "admin.logentry", "pk": 248, "fields": {"action_time": "2021-07-27T22:06:13.187Z", "user": 4, "content_type": 17, "object_id": "1", "object_repr": "Bicycle", "action_flag": 2, "change_message": "[{\"changed\": {\"fields\": [\"End date time\"]}}]"}}, {"model": "admin.logentry", "pk": 249, "fields": {"action_time": "2021-07-27T22:06:31.506Z", "user": 4, "content_type": 17, "object_id": "1", "object_repr": "Bicycle", "action_flag": 2, "change_message": "[{\"changed\": {\"fields\": [\"End date time\"]}}]"}}, {"model": "admin.logentry", "pk": 250, "fields": {"action_time": "2021-07-27T22:07:08.965Z", "user": 4, "content_type": 17, "object_id": "1", "object_repr": "Bicycle", "action_flag": 2, "change_message": "[{\"changed\": {\"fields\": [\"End date time\"]}}]"}}, {"model": "admin.logentry", "pk": 251, "fields": {"action_time": "2021-07-27T22:09:03.068Z", "user": 4, "content_type": 17, "object_id": "1", "object_repr": "Bicycle", "action_flag": 2, "change_message": "[{\"changed\": {\"fields\": [\"End date time\"]}}]"}}, {"model": "admin.logentry", "pk": 252, "fields": {"action_time": "2021-07-27T22:13:55.001Z", "user": 4, "content_type": 17, "object_id": "1", "object_repr": "Bicycle", "action_flag": 2, "change_message": "[{\"changed\": {\"fields\": [\"End date time\"]}}]"}}, {"model": "admin.logentry", "pk": 253, "fields": {"action_time": "2021-07-27T22:15:31.863Z", "user": 4, "content_type": 17, "object_id": "1", "object_repr": "Bicycle", "action_flag": 2, "change_message": "[{\"changed\": {\"fields\": [\"End date time\"]}}]"}}, {"model": "admin.logentry", "pk": 254, "fields": {"action_time": "2021-07-27T22:17:27.112Z", "user": 4, "content_type": 17, "object_id": "1", "object_repr": "Bicycle", "action_flag": 2, "change_message": "[{\"changed\": {\"fields\": [\"End date time\"]}}]"}}, {"model": "admin.logentry", "pk": 255, "fields": {"action_time": "2021-07-27T22:18:08.334Z", "user": 4, "content_type": 17, "object_id": "1", "object_repr": "Bicycle", "action_flag": 2, "change_message": "[{\"changed\": {\"fields\": [\"End date time\"]}}]"}}, {"model": "admin.logentry", "pk": 256, "fields": {"action_time": "2021-07-27T22:18:29.689Z", "user": 4, "content_type": 17, "object_id": "1", "object_repr": "Bicycle", "action_flag": 2, "change_message": "[{\"changed\": {\"fields\": [\"End date time\"]}}]"}}, {"model": "admin.logentry", "pk": 257, "fields": {"action_time": "2021-07-27T22:19:32.178Z", "user": 4, "content_type": 17, "object_id": "1", "object_repr": "Bicycle", "action_flag": 2, "change_message": "[{\"changed\": {\"fields\": [\"End date time\"]}}]"}}, {"model": "admin.logentry", "pk": 258, "fields": {"action_time": "2021-07-27T22:20:13.685Z", "user": 4, "content_type": 17, "object_id": "1", "object_repr": "Bicycle", "action_flag": 2, "change_message": "[{\"changed\": {\"fields\": [\"End date time\"]}}]"}}, {"model": "admin.logentry", "pk": 259, "fields": {"action_time": "2021-07-27T22:20:43.005Z", "user": 4, "content_type": 17, "object_id": "1", "object_repr": "Bicycle", "action_flag": 2, "change_message": "[{\"changed\": {\"fields\": [\"End date time\"]}}]"}}, {"model": "admin.logentry", "pk": 260, "fields": {"action_time": "2021-07-27T22:21:10.473Z", "user": 4, "content_type": 17, "object_id": "1", "object_repr": "Bicycle", "action_flag": 2, "change_message": "[{\"changed\": {\"fields\": [\"End date time\"]}}]"}}, {"model": "admin.logentry", "pk": 261, "fields": {"action_time": "2021-07-27T22:21:41.184Z", "user": 4, "content_type": 17, "object_id": "1", "object_repr": "Bicycle", "action_flag": 2, "change_message": "[{\"changed\": {\"fields\": [\"End date time\"]}}]"}}, {"model": "admin.logentry", "pk": 262, "fields": {"action_time": "2021-07-27T22:24:26.070Z", "user": 4, "content_type": 22, "object_id": "71", "object_repr": "Bicycle", "action_flag": 3, "change_message": ""}}, {"model": "admin.logentry", "pk": 263, "fields": {"action_time": "2021-07-27T22:24:26.111Z", "user": 4, "content_type": 22, "object_id": "70", "object_repr": "Bicycle", "action_flag": 3, "change_message": ""}}, {"model": "admin.logentry", "pk": 264, "fields": {"action_time": "2021-07-27T22:24:26.138Z", "user": 4, "content_type": 22, "object_id": "69", "object_repr": "Bicycle", "action_flag": 3, "change_message": ""}}, {"model": "admin.logentry", "pk": 265, "fields": {"action_time": "2021-07-27T22:24:26.174Z", "user": 4, "content_type": 22, "object_id": "68", "object_repr": "Bicycle", "action_flag": 3, "change_message": ""}}, {"model": "admin.logentry", "pk": 266, "fields": {"action_time": "2021-07-27T22:24:26.200Z", "user": 4, "content_type": 22, "object_id": "67", "object_repr": "Bicycle", "action_flag": 3, "change_message": ""}}, {"model": "admin.logentry", "pk": 267, "fields": {"action_time": "2021-07-27T22:24:26.225Z", "user": 4, "content_type": 22, "object_id": "66", "object_repr": "Bicycle", "action_flag": 3, "change_message": ""}}, {"model": "admin.logentry", "pk": 268, "fields": {"action_time": "2021-07-27T22:24:26.250Z", "user": 4, "content_type": 22, "object_id": "65", "object_repr": "Bicycle", "action_flag": 3, "change_message": ""}}, {"model": "admin.logentry", "pk": 269, "fields": {"action_time": "2021-07-27T22:24:26.286Z", "user": 4, "content_type": 22, "object_id": "64", "object_repr": "Bicycle", "action_flag": 3, "change_message": ""}}, {"model": "admin.logentry", "pk": 270, "fields": {"action_time": "2021-07-27T22:24:26.324Z", "user": 4, "content_type": 22, "object_id": "63", "object_repr": "Bicycle", "action_flag": 3, "change_message": ""}}, {"model": "admin.logentry", "pk": 271, "fields": {"action_time": "2021-07-27T22:24:26.349Z", "user": 4, "content_type": 22, "object_id": "62", "object_repr": "Bicycle", "action_flag": 3, "change_message": ""}}, {"model": "admin.logentry", "pk": 272, "fields": {"action_time": "2021-07-27T22:24:26.374Z", "user": 4, "content_type": 22, "object_id": "61", "object_repr": "Bicycle", "action_flag": 3, "change_message": ""}}, {"model": "admin.logentry", "pk": 273, "fields": {"action_time": "2021-07-27T22:24:26.420Z", "user": 4, "content_type": 22, "object_id": "60", "object_repr": "Bicycle", "action_flag": 3, "change_message": ""}}, {"model": "admin.logentry", "pk": 274, "fields": {"action_time": "2021-07-27T22:24:26.446Z", "user": 4, "content_type": 22, "object_id": "59", "object_repr": "Bicycle", "action_flag": 3, "change_message": ""}}, {"model": "admin.logentry", "pk": 275, "fields": {"action_time": "2021-07-27T22:24:26.483Z", "user": 4, "content_type": 22, "object_id": "58", "object_repr": "Bicycle", "action_flag": 3, "change_message": ""}}, {"model": "admin.logentry", "pk": 276, "fields": {"action_time": "2021-07-27T22:24:26.520Z", "user": 4, "content_type": 22, "object_id": "57", "object_repr": "Bicycle", "action_flag": 3, "change_message": ""}}, {"model": "admin.logentry", "pk": 277, "fields": {"action_time": "2021-07-27T22:24:26.546Z", "user": 4, "content_type": 22, "object_id": "56", "object_repr": "Bicycle", "action_flag": 3, "change_message": ""}}, {"model": "admin.logentry", "pk": 278, "fields": {"action_time": "2021-07-27T22:24:26.582Z", "user": 4, "content_type": 22, "object_id": "55", "object_repr": "Bicycle", "action_flag": 3, "change_message": ""}}, {"model": "admin.logentry", "pk": 279, "fields": {"action_time": "2021-07-27T22:24:26.619Z", "user": 4, "content_type": 22, "object_id": "54", "object_repr": "Bicycle", "action_flag": 3, "change_message": ""}}, {"model": "admin.logentry", "pk": 280, "fields": {"action_time": "2021-07-27T22:24:26.655Z", "user": 4, "content_type": 22, "object_id": "53", "object_repr": "Bicycle", "action_flag": 3, "change_message": ""}}, {"model": "admin.logentry", "pk": 281, "fields": {"action_time": "2021-07-27T22:24:26.680Z", "user": 4, "content_type": 22, "object_id": "52", "object_repr": "Bicycle", "action_flag": 3, "change_message": ""}}, {"model": "admin.logentry", "pk": 282, "fields": {"action_time": "2021-07-27T22:24:26.704Z", "user": 4, "content_type": 22, "object_id": "51", "object_repr": "Gin", "action_flag": 3, "change_message": ""}}, {"model": "admin.logentry", "pk": 283, "fields": {"action_time": "2021-07-27T22:24:26.728Z", "user": 4, "content_type": 22, "object_id": "50", "object_repr": "Ring", "action_flag": 3, "change_message": ""}}, {"model": "admin.logentry", "pk": 284, "fields": {"action_time": "2021-07-27T22:24:26.753Z", "user": 4, "content_type": 22, "object_id": "49", "object_repr": "Bicycle", "action_flag": 3, "change_message": ""}}, {"model": "admin.logentry", "pk": 285, "fields": {"action_time": "2021-07-27T22:24:26.782Z", "user": 4, "content_type": 22, "object_id": "48", "object_repr": "Gin", "action_flag": 3, "change_message": ""}}, {"model": "admin.logentry", "pk": 286, "fields": {"action_time": "2021-07-27T22:24:26.807Z", "user": 4, "content_type": 22, "object_id": "47", "object_repr": "Car", "action_flag": 3, "change_message": ""}}, {"model": "admin.logentry", "pk": 287, "fields": {"action_time": "2021-07-27T22:25:01.177Z", "user": 4, "content_type": 17, "object_id": "1", "object_repr": "Bicycle", "action_flag": 2, "change_message": "[{\"changed\": {\"fields\": [\"End date time\"]}}]"}}, {"model": "admin.logentry", "pk": 288, "fields": {"action_time": "2021-07-27T22:26:00.025Z", "user": 4, "content_type": 22, "object_id": "72", "object_repr": "Bicycle", "action_flag": 3, "change_message": ""}}, {"model": "admin.logentry", "pk": 289, "fields": {"action_time": "2021-07-27T22:26:29.014Z", "user": 4, "content_type": 17, "object_id": "1", "object_repr": "Bicycle", "action_flag": 2, "change_message": "[{\"changed\": {\"fields\": [\"End date time\"]}}]"}}, {"model": "admin.logentry", "pk": 290, "fields": {"action_time": "2021-07-27T22:28:33.762Z", "user": 4, "content_type": 17, "object_id": "1", "object_repr": "Bicycle", "action_flag": 2, "change_message": "[{\"changed\": {\"fields\": [\"End date time\"]}}]"}}, {"model": "admin.logentry", "pk": 291, "fields": {"action_time": "2021-07-28T07:52:55.204Z", "user": 4, "content_type": 17, "object_id": "1", "object_repr": "Bicycle", "action_flag": 2, "change_message": "[{\"changed\": {\"fields\": [\"End date time\"]}}]"}}, {"model": "admin.logentry", "pk": 292, "fields": {"action_time": "2021-07-28T07:57:26.543Z", "user": 4, "content_type": 17, "object_id": "1", "object_repr": "Bicycle", "action_flag": 2, "change_message": "[{\"changed\": {\"fields\": [\"End date time\"]}}]"}}, {"model": "admin.logentry", "pk": 293, "fields": {"action_time": "2021-07-28T09:56:28.162Z", "user": 3, "content_type": 20, "object_id": "61", "object_repr": "EAD86C9803544A4083C93575C4AEA57D", "action_flag": 3, "change_message": ""}}, {"model": "admin.logentry", "pk": 294, "fields": {"action_time": "2021-07-28T09:56:28.214Z", "user": 3, "content_type": 20, "object_id": "60", "object_repr": "7F581057A8574B7F99109327B9E164B1", "action_flag": 3, "change_message": ""}}, {"model": "admin.logentry", "pk": 295, "fields": {"action_time": "2021-07-28T09:56:28.274Z", "user": 3, "content_type": 20, "object_id": "59", "object_repr": "BFC0A507A3F74744A62658B90FA157CC", "action_flag": 3, "change_message": ""}}, {"model": "admin.logentry", "pk": 296, "fields": {"action_time": "2021-07-28T09:56:28.325Z", "user": 3, "content_type": 20, "object_id": "58", "object_repr": "F088E273072B438292B6C5B55DDA6544", "action_flag": 3, "change_message": ""}}, {"model": "admin.logentry", "pk": 297, "fields": {"action_time": "2021-07-28T09:56:28.377Z", "user": 3, "content_type": 20, "object_id": "57", "object_repr": "3682635577454260BA52042DBD0B5647", "action_flag": 3, "change_message": ""}}, {"model": "admin.logentry", "pk": 298, "fields": {"action_time": "2021-07-28T09:56:28.413Z", "user": 3, "content_type": 20, "object_id": "56", "object_repr": "19C217EFFC8D4C2686595EB075C8ED59", "action_flag": 3, "change_message": ""}}, {"model": "admin.logentry", "pk": 299, "fields": {"action_time": "2021-07-28T09:56:28.467Z", "user": 3, "content_type": 20, "object_id": "55", "object_repr": "8D9FD0E487834F12A934B1A76CB45011", "action_flag": 3, "change_message": ""}}, {"model": "admin.logentry", "pk": 300, "fields": {"action_time": "2021-07-28T09:56:28.519Z", "user": 3, "content_type": 20, "object_id": "54", "object_repr": "CD0F6D2595AB42EF8EEC62AE93E1AD50", "action_flag": 3, "change_message": ""}}, {"model": "admin.logentry", "pk": 301, "fields": {"action_time": "2021-07-28T09:56:28.570Z", "user": 3, "content_type": 20, "object_id": "53", "object_repr": "A4C59B533FD3403299E73553AC7818C5", "action_flag": 3, "change_message": ""}}, {"model": "admin.logentry", "pk": 302, "fields": {"action_time": "2021-07-28T09:56:28.626Z", "user": 3, "content_type": 20, "object_id": "52", "object_repr": "79E96BD721D646D78B980ED28FA0F98F", "action_flag": 3, "change_message": ""}}, {"model": "admin.logentry", "pk": 303, "fields": {"action_time": "2021-07-28T09:56:28.684Z", "user": 3, "content_type": 20, "object_id": "51", "object_repr": "8E9DEBAA0CDA4C7BB2C1CCD4936906E2", "action_flag": 3, "change_message": ""}}, {"model": "admin.logentry", "pk": 304, "fields": {"action_time": "2021-07-28T09:56:28.737Z", "user": 3, "content_type": 20, "object_id": "50", "object_repr": "C61ED3B87AE346FCAECE7DC202FBBD1C", "action_flag": 3, "change_message": ""}}, {"model": "admin.logentry", "pk": 305, "fields": {"action_time": "2021-07-28T09:56:28.791Z", "user": 3, "content_type": 20, "object_id": "49", "object_repr": "C9A140BB35CC4B1381089F7FBBA85E24", "action_flag": 3, "change_message": ""}}, {"model": "admin.logentry", "pk": 306, "fields": {"action_time": "2021-07-28T09:56:28.839Z", "user": 3, "content_type": 20, "object_id": "48", "object_repr": "03C9E65A435741F9B39D4B31A9459E31", "action_flag": 3, "change_message": ""}}, {"model": "admin.logentry", "pk": 307, "fields": {"action_time": "2021-07-28T09:56:28.890Z", "user": 3, "content_type": 20, "object_id": "47", "object_repr": "97E32975F0D44480AF1862BBEB77378C", "action_flag": 3, "change_message": ""}}, {"model": "admin.logentry", "pk": 308, "fields": {"action_time": "2021-07-28T09:56:28.943Z", "user": 3, "content_type": 20, "object_id": "46", "object_repr": "D32CE217BCB9408D8BD80844BF5955D0", "action_flag": 3, "change_message": ""}}, {"model": "admin.logentry", "pk": 309, "fields": {"action_time": "2021-07-28T09:56:28.994Z", "user": 3, "content_type": 20, "object_id": "45", "object_repr": "DDC3DC1CAFE1477B92A19C00E782A996", "action_flag": 3, "change_message": ""}}, {"model": "admin.logentry", "pk": 310, "fields": {"action_time": "2021-07-28T09:56:29.044Z", "user": 3, "content_type": 20, "object_id": "44", "object_repr": "0E46DD59199E488EBDE8583BE5CEC37E", "action_flag": 3, "change_message": ""}}, {"model": "admin.logentry", "pk": 311, "fields": {"action_time": "2021-07-28T09:56:29.079Z", "user": 3, "content_type": 20, "object_id": "43", "object_repr": "C84CADC91E354CA397724BFDA37C03F0", "action_flag": 3, "change_message": ""}}, {"model": "admin.logentry", "pk": 312, "fields": {"action_time": "2021-07-28T09:56:29.129Z", "user": 3, "content_type": 20, "object_id": "42", "object_repr": "55F7888756DF4321AEFD385F4E46BA58", "action_flag": 3, "change_message": ""}}, {"model": "admin.logentry", "pk": 313, "fields": {"action_time": "2021-07-28T09:56:29.163Z", "user": 3, "content_type": 20, "object_id": "41", "object_repr": "AC772E99A3F540AEAF608C977607D8AB", "action_flag": 3, "change_message": ""}}, {"model": "admin.logentry", "pk": 314, "fields": {"action_time": "2021-07-28T09:56:29.218Z", "user": 3, "content_type": 20, "object_id": "40", "object_repr": "1A292D2681D84DABB5E8810FA22AD607", "action_flag": 3, "change_message": ""}}, {"model": "admin.logentry", "pk": 315, "fields": {"action_time": "2021-07-28T09:56:29.269Z", "user": 3, "content_type": 20, "object_id": "39", "object_repr": "CB0BCE650D1B4A80B4D794B179A08846", "action_flag": 3, "change_message": ""}}, {"model": "admin.logentry", "pk": 316, "fields": {"action_time": "2021-07-28T09:56:29.303Z", "user": 3, "content_type": 20, "object_id": "38", "object_repr": "65233D939E3D41B5957C427AACFC4BCA", "action_flag": 3, "change_message": ""}}, {"model": "admin.logentry", "pk": 317, "fields": {"action_time": "2021-07-28T09:56:29.356Z", "user": 3, "content_type": 20, "object_id": "37", "object_repr": "6473F21B8D734BB99294F2060C77ACE9", "action_flag": 3, "change_message": ""}}, {"model": "admin.logentry", "pk": 318, "fields": {"action_time": "2021-07-28T09:56:29.405Z", "user": 3, "content_type": 20, "object_id": "36", "object_repr": "73EBC009D85E4DAE8F9603DDBC1AB4F5", "action_flag": 3, "change_message": ""}}, {"model": "admin.logentry", "pk": 319, "fields": {"action_time": "2021-07-28T09:56:29.456Z", "user": 3, "content_type": 20, "object_id": "35", "object_repr": "D6336C34ED404233B132B4C1DA1BE8C8", "action_flag": 3, "change_message": ""}}, {"model": "admin.logentry", "pk": 320, "fields": {"action_time": "2021-07-28T09:56:29.491Z", "user": 3, "content_type": 20, "object_id": "34", "object_repr": "96C19002F3B042C9AF9FBBE7F8EE90E5", "action_flag": 3, "change_message": ""}}, {"model": "admin.logentry", "pk": 321, "fields": {"action_time": "2021-07-28T09:56:29.541Z", "user": 3, "content_type": 20, "object_id": "33", "object_repr": "C09B24D547E54565910C35DBB935104E", "action_flag": 3, "change_message": ""}}, {"model": "admin.logentry", "pk": 322, "fields": {"action_time": "2021-07-28T09:56:29.578Z", "user": 3, "content_type": 20, "object_id": "32", "object_repr": "976CA85D6907415891EE34F8E0A33664", "action_flag": 3, "change_message": ""}}, {"model": "admin.logentry", "pk": 323, "fields": {"action_time": "2021-07-28T09:56:29.630Z", "user": 3, "content_type": 20, "object_id": "31", "object_repr": "1B344AC654234F5F92A420C09FD85830", "action_flag": 3, "change_message": ""}}, {"model": "admin.logentry", "pk": 324, "fields": {"action_time": "2021-07-28T09:56:29.681Z", "user": 3, "content_type": 20, "object_id": "30", "object_repr": "BF0F8A9F44B443D39AD0448140A24095", "action_flag": 3, "change_message": ""}}, {"model": "admin.logentry", "pk": 325, "fields": {"action_time": "2021-07-28T09:56:29.730Z", "user": 3, "content_type": 20, "object_id": "29", "object_repr": "C383EAC8AF1D4159AA71D5D667E2698B", "action_flag": 3, "change_message": ""}}, {"model": "admin.logentry", "pk": 326, "fields": {"action_time": "2021-07-28T09:56:29.779Z", "user": 3, "content_type": 20, "object_id": "28", "object_repr": "4F07D5D8B6604741BB8DADD53E853850", "action_flag": 3, "change_message": ""}}, {"model": "admin.logentry", "pk": 327, "fields": {"action_time": "2021-07-28T09:56:29.830Z", "user": 3, "content_type": 20, "object_id": "27", "object_repr": "916A2095191D454DAD7562F98C549040", "action_flag": 3, "change_message": ""}}, {"model": "admin.logentry", "pk": 328, "fields": {"action_time": "2021-07-28T09:56:29.881Z", "user": 3, "content_type": 20, "object_id": "26", "object_repr": "0DF3DB805B9D4FB28224C91D718DB66C", "action_flag": 3, "change_message": ""}}, {"model": "admin.logentry", "pk": 329, "fields": {"action_time": "2021-07-28T09:56:29.933Z", "user": 3, "content_type": 20, "object_id": "25", "object_repr": "BC7F96AE108549D3894132DA805FDF46", "action_flag": 3, "change_message": ""}}, {"model": "admin.logentry", "pk": 330, "fields": {"action_time": "2021-07-28T09:56:29.993Z", "user": 3, "content_type": 20, "object_id": "24", "object_repr": "3006221EA4C147D893BA49465B0759FB", "action_flag": 3, "change_message": ""}}, {"model": "admin.logentry", "pk": 331, "fields": {"action_time": "2021-07-28T09:56:30.045Z", "user": 3, "content_type": 20, "object_id": "23", "object_repr": "0A30D3F8036247EC8AD8C19E77E3B48D", "action_flag": 3, "change_message": ""}}, {"model": "admin.logentry", "pk": 332, "fields": {"action_time": "2021-07-28T09:56:30.096Z", "user": 3, "content_type": 20, "object_id": "22", "object_repr": "89B9CAE33B2347999AA09A287E78EA31", "action_flag": 3, "change_message": ""}}, {"model": "admin.logentry", "pk": 333, "fields": {"action_time": "2021-07-28T09:56:30.146Z", "user": 3, "content_type": 20, "object_id": "21", "object_repr": "2BF98D42912E4E98BAA95413FD1FEE92", "action_flag": 3, "change_message": ""}}, {"model": "admin.logentry", "pk": 334, "fields": {"action_time": "2021-07-28T09:56:30.196Z", "user": 3, "content_type": 20, "object_id": "20", "object_repr": "A0DE9270A0AE446DB38CF9709642E140", "action_flag": 3, "change_message": ""}}, {"model": "admin.logentry", "pk": 335, "fields": {"action_time": "2021-07-28T09:56:30.230Z", "user": 3, "content_type": 20, "object_id": "19", "object_repr": "F9800F4B23724E11B98702DAF2FA3F89", "action_flag": 3, "change_message": ""}}, {"model": "admin.logentry", "pk": 336, "fields": {"action_time": "2021-07-28T09:56:30.281Z", "user": 3, "content_type": 20, "object_id": "18", "object_repr": "4CA7E5B837F941AB80FB932DCC1DE01B", "action_flag": 3, "change_message": ""}}, {"model": "admin.logentry", "pk": 337, "fields": {"action_time": "2021-07-28T09:56:30.316Z", "user": 3, "content_type": 20, "object_id": "17", "object_repr": "DC6864EDF27640DA88AE04E4805A584B", "action_flag": 3, "change_message": ""}}, {"model": "admin.logentry", "pk": 338, "fields": {"action_time": "2021-07-28T09:56:30.350Z", "user": 3, "content_type": 20, "object_id": "16", "object_repr": "9F680F94472644858B52E435062ED145", "action_flag": 3, "change_message": ""}}, {"model": "admin.logentry", "pk": 339, "fields": {"action_time": "2021-07-28T09:56:30.401Z", "user": 3, "content_type": 20, "object_id": "15", "object_repr": "1CD8A1B5B20E45AA8B57183D28BB7338", "action_flag": 3, "change_message": ""}}, {"model": "admin.logentry", "pk": 340, "fields": {"action_time": "2021-07-28T09:56:30.451Z", "user": 3, "content_type": 20, "object_id": "14", "object_repr": "04C52FC8E8A249DDA6CD79A3A50E1FC4", "action_flag": 3, "change_message": ""}}, {"model": "admin.logentry", "pk": 341, "fields": {"action_time": "2021-07-28T09:56:30.500Z", "user": 3, "content_type": 20, "object_id": "13", "object_repr": "CE3111A7D3AE4D6B89FD2B7AF5AC7613", "action_flag": 3, "change_message": ""}}, {"model": "admin.logentry", "pk": 342, "fields": {"action_time": "2021-07-28T09:56:30.535Z", "user": 3, "content_type": 20, "object_id": "12", "object_repr": "ADABA0EAC14D4FF5A98F47A370E8D88D", "action_flag": 3, "change_message": ""}}, {"model": "admin.logentry", "pk": 343, "fields": {"action_time": "2021-07-28T09:56:30.584Z", "user": 3, "content_type": 20, "object_id": "11", "object_repr": "D2C9DA55E83D46FC82C8AB907C4618E5", "action_flag": 3, "change_message": ""}}, {"model": "admin.logentry", "pk": 344, "fields": {"action_time": "2021-07-28T09:56:30.636Z", "user": 3, "content_type": 20, "object_id": "10", "object_repr": "46BD447B94D84A3F81D7DA7EABD4A7BA", "action_flag": 3, "change_message": ""}}, {"model": "admin.logentry", "pk": 345, "fields": {"action_time": "2021-07-28T09:56:30.670Z", "user": 3, "content_type": 20, "object_id": "9", "object_repr": "7DC241DF81AE471386209FFCDD22E374", "action_flag": 3, "change_message": ""}}, {"model": "admin.logentry", "pk": 346, "fields": {"action_time": "2021-07-28T09:56:30.703Z", "user": 3, "content_type": 20, "object_id": "8", "object_repr": "27A0C96206B14689A8970C1AB63553B3", "action_flag": 3, "change_message": ""}}, {"model": "admin.logentry", "pk": 347, "fields": {"action_time": "2021-07-28T09:56:30.754Z", "user": 3, "content_type": 20, "object_id": "7", "object_repr": "DEDD58C273704013BDFCB8C3587275AE", "action_flag": 3, "change_message": ""}}, {"model": "admin.logentry", "pk": 348, "fields": {"action_time": "2021-07-28T09:56:30.789Z", "user": 3, "content_type": 20, "object_id": "6", "object_repr": "A088E7FD6FB3481A80DE4B218AC54E34", "action_flag": 3, "change_message": ""}}, {"model": "admin.logentry", "pk": 349, "fields": {"action_time": "2021-07-28T09:56:30.822Z", "user": 3, "content_type": 20, "object_id": "5", "object_repr": "5522AE0DF9AA47F889164F3177866004", "action_flag": 3, "change_message": ""}}, {"model": "admin.logentry", "pk": 350, "fields": {"action_time": "2021-07-28T09:56:30.876Z", "user": 3, "content_type": 20, "object_id": "4", "object_repr": "6913332E46A64A9CAEC0330C155599EF", "action_flag": 3, "change_message": ""}}, {"model": "admin.logentry", "pk": 351, "fields": {"action_time": "2021-07-28T09:56:30.927Z", "user": 3, "content_type": 20, "object_id": "3", "object_repr": "1B2C0ABE9DCD42E0B3DAC089B6FDFCFF", "action_flag": 3, "change_message": ""}}, {"model": "admin.logentry", "pk": 352, "fields": {"action_time": "2021-07-28T09:56:30.980Z", "user": 3, "content_type": 20, "object_id": "2", "object_repr": "ACC7CB4B477746E2BDE3BEB4228F96A6", "action_flag": 3, "change_message": ""}}, {"model": "admin.logentry", "pk": 353, "fields": {"action_time": "2021-07-28T09:56:31.017Z", "user": 3, "content_type": 20, "object_id": "1", "object_repr": "978F2E3FA69C4901BE6F6A1A0AD8178E", "action_flag": 3, "change_message": ""}}, {"model": "admin.logentry", "pk": 354, "fields": {"action_time": "2021-07-28T11:06:36.540Z", "user": 3, "content_type": 18, "object_id": "39", "object_repr": "Bid object (39)", "action_flag": 3, "change_message": ""}}, {"model": "admin.logentry", "pk": 355, "fields": {"action_time": "2021-07-28T11:06:36.570Z", "user": 3, "content_type": 18, "object_id": "38", "object_repr": "Bid object (38)", "action_flag": 3, "change_message": ""}}, {"model": "admin.logentry", "pk": 356, "fields": {"action_time": "2021-07-28T11:06:36.598Z", "user": 3, "content_type": 18, "object_id": "37", "object_repr": "Bid object (37)", "action_flag": 3, "change_message": ""}}, {"model": "admin.logentry", "pk": 357, "fields": {"action_time": "2021-07-28T11:06:36.634Z", "user": 3, "content_type": 18, "object_id": "36", "object_repr": "Bid object (36)", "action_flag": 3, "change_message": ""}}, {"model": "admin.logentry", "pk": 358, "fields": {"action_time": "2021-07-28T11:06:36.664Z", "user": 3, "content_type": 18, "object_id": "34", "object_repr": "Bid object (34)", "action_flag": 3, "change_message": ""}}, {"model": "admin.logentry", "pk": 359, "fields": {"action_time": "2021-07-28T11:06:36.707Z", "user": 3, "content_type": 18, "object_id": "33", "object_repr": "Bid object (33)", "action_flag": 3, "change_message": ""}}, {"model": "admin.logentry", "pk": 360, "fields": {"action_time": "2021-07-28T11:06:36.751Z", "user": 3, "content_type": 18, "object_id": "32", "object_repr": "Bid object (32)", "action_flag": 3, "change_message": ""}}, {"model": "admin.logentry", "pk": 361, "fields": {"action_time": "2021-07-28T11:06:36.780Z", "user": 3, "content_type": 18, "object_id": "31", "object_repr": "Bid object (31)", "action_flag": 3, "change_message": ""}}, {"model": "admin.logentry", "pk": 362, "fields": {"action_time": "2021-07-28T11:06:36.821Z", "user": 3, "content_type": 18, "object_id": "30", "object_repr": "Bid object (30)", "action_flag": 3, "change_message": ""}}, {"model": "admin.logentry", "pk": 363, "fields": {"action_time": "2021-07-28T11:06:36.848Z", "user": 3, "content_type": 18, "object_id": "26", "object_repr": "Bid object (26)", "action_flag": 3, "change_message": ""}}, {"model": "admin.logentry", "pk": 364, "fields": {"action_time": "2021-07-28T11:06:36.891Z", "user": 3, "content_type": 18, "object_id": "25", "object_repr": "Bid object (25)", "action_flag": 3, "change_message": ""}}, {"model": "admin.logentry", "pk": 365, "fields": {"action_time": "2021-07-28T11:06:36.918Z", "user": 3, "content_type": 18, "object_id": "24", "object_repr": "Bid object (24)", "action_flag": 3, "change_message": ""}}, {"model": "admin.logentry", "pk": 366, "fields": {"action_time": "2021-07-28T11:06:36.944Z", "user": 3, "content_type": 18, "object_id": "23", "object_repr": "Bid object (23)", "action_flag": 3, "change_message": ""}}, {"model": "admin.logentry", "pk": 367, "fields": {"action_time": "2021-07-28T11:06:36.986Z", "user": 3, "content_type": 18, "object_id": "22", "object_repr": "Bid object (22)", "action_flag": 3, "change_message": ""}}, {"model": "admin.logentry", "pk": 368, "fields": {"action_time": "2021-07-28T11:06:37.016Z", "user": 3, "content_type": 18, "object_id": "21", "object_repr": "Bid object (21)", "action_flag": 3, "change_message": ""}}, {"model": "admin.logentry", "pk": 369, "fields": {"action_time": "2021-07-28T11:06:37.051Z", "user": 3, "content_type": 18, "object_id": "20", "object_repr": "Bid object (20)", "action_flag": 3, "change_message": ""}}, {"model": "admin.logentry", "pk": 370, "fields": {"action_time": "2021-07-28T11:06:37.094Z", "user": 3, "content_type": 18, "object_id": "19", "object_repr": "Bid object (19)", "action_flag": 3, "change_message": ""}}, {"model": "admin.logentry", "pk": 371, "fields": {"action_time": "2021-07-28T11:06:37.125Z", "user": 3, "content_type": 18, "object_id": "18", "object_repr": "Bid object (18)", "action_flag": 3, "change_message": ""}}, {"model": "admin.logentry", "pk": 372, "fields": {"action_time": "2021-07-28T11:06:37.153Z", "user": 3, "content_type": 18, "object_id": "17", "object_repr": "Bid object (17)", "action_flag": 3, "change_message": ""}}, {"model": "admin.logentry", "pk": 373, "fields": {"action_time": "2021-07-28T11:06:37.182Z", "user": 3, "content_type": 18, "object_id": "16", "object_repr": "Bid object (16)", "action_flag": 3, "change_message": ""}}, {"model": "admin.logentry", "pk": 374, "fields": {"action_time": "2021-07-28T11:06:37.209Z", "user": 3, "content_type": 18, "object_id": "15", "object_repr": "Bid object (15)", "action_flag": 3, "change_message": ""}}, {"model": "admin.logentry", "pk": 375, "fields": {"action_time": "2021-07-28T11:06:37.234Z", "user": 3, "content_type": 18, "object_id": "14", "object_repr": "Bid object (14)", "action_flag": 3, "change_message": ""}}, {"model": "admin.logentry", "pk": 376, "fields": {"action_time": "2021-07-28T11:06:37.263Z", "user": 3, "content_type": 18, "object_id": "13", "object_repr": "Bid object (13)", "action_flag": 3, "change_message": ""}}, {"model": "admin.logentry", "pk": 377, "fields": {"action_time": "2021-07-28T11:06:37.292Z", "user": 3, "content_type": 18, "object_id": "12", "object_repr": "Bid object (12)", "action_flag": 3, "change_message": ""}}, {"model": "admin.logentry", "pk": 378, "fields": {"action_time": "2021-07-28T11:06:37.335Z", "user": 3, "content_type": 18, "object_id": "11", "object_repr": "Bid object (11)", "action_flag": 3, "change_message": ""}}, {"model": "admin.logentry", "pk": 379, "fields": {"action_time": "2021-07-28T11:06:37.378Z", "user": 3, "content_type": 18, "object_id": "10", "object_repr": "Bid object (10)", "action_flag": 3, "change_message": ""}}, {"model": "admin.logentry", "pk": 380, "fields": {"action_time": "2021-07-28T11:06:37.408Z", "user": 3, "content_type": 18, "object_id": "8", "object_repr": "Bid object (8)", "action_flag": 3, "change_message": ""}}, {"model": "admin.logentry", "pk": 381, "fields": {"action_time": "2021-07-28T11:06:37.451Z", "user": 3, "content_type": 18, "object_id": "7", "object_repr": "Bid object (7)", "action_flag": 3, "change_message": ""}}, {"model": "admin.logentry", "pk": 382, "fields": {"action_time": "2021-07-28T11:06:37.497Z", "user": 3, "content_type": 18, "object_id": "6", "object_repr": "Bid object (6)", "action_flag": 3, "change_message": ""}}, {"model": "admin.logentry", "pk": 383, "fields": {"action_time": "2021-07-28T11:06:37.544Z", "user": 3, "content_type": 18, "object_id": "5", "object_repr": "Bid object (5)", "action_flag": 3, "change_message": ""}}, {"model": "admin.logentry", "pk": 384, "fields": {"action_time": "2021-07-28T11:06:37.590Z", "user": 3, "content_type": 18, "object_id": "4", "object_repr": "Bid object (4)", "action_flag": 3, "change_message": ""}}, {"model": "admin.logentry", "pk": 385, "fields": {"action_time": "2021-07-28T11:06:37.622Z", "user": 3, "content_type": 18, "object_id": "3", "object_repr": "Bid object (3)", "action_flag": 3, "change_message": ""}}, {"model": "admin.logentry", "pk": 386, "fields": {"action_time": "2021-07-28T11:06:37.669Z", "user": 3, "content_type": 18, "object_id": "2", "object_repr": "Bid object (2)", "action_flag": 3, "change_message": ""}}, {"model": "admin.logentry", "pk": 387, "fields": {"action_time": "2021-07-28T11:06:37.700Z", "user": 3, "content_type": 18, "object_id": "1", "object_repr": "Bid object (1)", "action_flag": 3, "change_message": ""}}, {"model": "admin.logentry", "pk": 388, "fields": {"action_time": "2021-07-28T11:07:35.427Z", "user": 3, "content_type": 18, "object_id": "102", "object_repr": "Bid object (102)", "action_flag": 2, "change_message": "[{\"changed\": {\"fields\": [\"Bidder\"]}}]"}}, {"model": "admin.logentry", "pk": 389, "fields": {"action_time": "2021-07-28T11:39:48.478Z", "user": 3, "content_type": 22, "object_id": "78", "object_repr": "Painting", "action_flag": 3, "change_message": ""}}, {"model": "admin.logentry", "pk": 390, "fields": {"action_time": "2021-07-28T11:45:34.938Z", "user": 3, "content_type": 22, "object_id": "79", "object_repr": "Painting", "action_flag": 3, "change_message": ""}}, {"model": "admin.logentry", "pk": 391, "fields": {"action_time": "2021-07-28T12:18:21.430Z", "user": 3, "content_type": 17, "object_id": "1", "object_repr": "Bicycle", "action_flag": 2, "change_message": "[{\"changed\": {\"fields\": [\"Is sold\"]}}]"}}, {"model": "admin.logentry", "pk": 392, "fields": {"action_time": "2021-07-28T12:18:29.180Z", "user": 3, "content_type": 17, "object_id": "12", "object_repr": "Bicycle", "action_flag": 2, "change_message": "[{\"changed\": {\"fields\": [\"Is sold\"]}}]"}}, {"model": "admin.logentry", "pk": 393, "fields": {"action_time": "2021-07-28T12:18:48.756Z", "user": 3, "content_type": 17, "object_id": "4", "object_repr": "Painting", "action_flag": 2, "change_message": "[{\"changed\": {\"fields\": [\"Is sold\"]}}]"}}, {"model": "admin.logentry", "pk": 394, "fields": {"action_time": "2021-07-28T12:19:07.249Z", "user": 3, "content_type": 20, "object_id": "62", "object_repr": "B83F6915AC3C4FE4BF5F3BCF020E90A5", "action_flag": 3, "change_message": ""}}, {"model": "admin.logentry", "pk": 395, "fields": {"action_time": "2021-07-28T12:19:16.997Z", "user": 3, "content_type": 17, "object_id": "4", "object_repr": "Painting", "action_flag": 2, "change_message": "[{\"changed\": {\"fields\": [\"Is sold\"]}}]"}}, {"model": "admin.logentry", "pk": 396, "fields": {"action_time": "2021-07-28T12:22:13.164Z", "user": 3, "content_type": 20, "object_id": "64", "object_repr": "20664B254E284FAAB0C6313AE4300943", "action_flag": 3, "change_message": ""}}, {"model": "admin.logentry", "pk": 397, "fields": {"action_time": "2021-07-28T15:48:17.201Z", "user": 4, "content_type": 17, "object_id": "17", "object_repr": "Ring", "action_flag": 2, "change_message": "[{\"changed\": {\"fields\": [\"Is sold\"]}}]"}}, {"model": "admin.logentry", "pk": 398, "fields": {"action_time": "2021-07-28T15:51:03.607Z", "user": 4, "content_type": 20, "object_id": "67", "object_repr": "8B50C6609DB44EEF83A61A617339F0CD", "action_flag": 3, "change_message": ""}}, {"model": "auth.user", "pk": 3, "fields": {"password": "pbkdf2_sha256$260000$yRpl6t0gPw8adASvT0IJkJ$huJ4X52N1NVRcoo4Qz3KNjvPX1KGE8ZJ9h4cuqeaKps=", "last_login": "2021-07-28T17:21:41.187Z", "is_superuser": true, "username": "AnoukSmet", "first_name": "Anouk", "last_name": "Smet", "email": "smet.anouk@gmail.com", "is_staff": true, "is_active": true, "date_joined": "2021-07-24T13:27:29Z", "groups": [], "user_permissions": []}}, {"model": "auth.user", "pk": 4, "fields": {"password": "pbkdf2_sha256$260000$QYhU3Ky6FgYUEjT1tpC4SU$eZJwhR/wmE7ZKA0F8/jpBvak3XSKC2/FrlVLiL2/TXU=", "last_login": "2021-07-27T19:33:43.350Z", "is_superuser": true, "username": "arturmpinho", "first_name": "Artur", "last_name": "Morado de Pinho", "email": "arturpinho@gmail.com", "is_staff": true, "is_active": true, "date_joined": "2021-07-24T13:36:21Z", "groups": [], "user_permissions": []}}, {"model": "auth.user", "pk": 5, "fields": {"password": "pbkdf2_sha256$260000$ulGWVjqg6XfrZPqWOLVDs7$LRZ95OR0g7tfZm9yfpEhC0+VqeSMbUkM7XrasIoNvP8=", "last_login": "2021-07-27T19:26:41.785Z", "is_superuser": false, "username": "lacola", "first_name": "", "last_name": "", "email": "lacola9776@farthy.com", "is_staff": false, "is_active": true, "date_joined": "2021-07-25T20:19:26.112Z", "groups": [], "user_permissions": []}}, {"model": "sessions.session", "pk": "3rkk4puyn54aasz197f42arsvndj9xgp", "fields": {"session_data": ".eJxljMsOwiAQRf-FddNQpu-le7-BDDBYtIKBYjTGf9eaxsS4Pefc-2Codch-kVeKzjoyks7oZjb6PM_F1-ZEkY0MWMEk5mX6AOnMP1OoT-RXYY7oD6HUwS_RqXJNys2mch8Mzbut_TmYME3vdaPIElhOQoja2MooAS2YobfIRUOd1oC8q3QNXQ1tgx0OiMD7BitrFMf1NFFKLnhJt4uLdzby5wubB1ET:1m7Hh0:L_IqJYFWyqjw6HRuUfpYW_5xMZwMJl2VB2BqGU-EgWM", "expire_date": "2021-08-07T13:27:50.180Z"}}, {"model": "sessions.session", "pk": "4te685ofqcu87sskofwn30a3vh0h8fk2", "fields": {"session_data": "e30:1m7glH:L6NmATZWtUh1fIojy7Bctq4FVUcYjhhAqb46ttw4dQ4", "expire_date": "2021-08-08T16:13:55.595Z"}}, {"model": "sessions.session", "pk": "5adizqrusmdxxrxfj2roqg0oazz8psqf", "fields": {"session_data": ".eJxVjEsOwiAUAO_C2hA-JYUu3XsG8h6PWtSAgTbRGO-uJF3odmYyL-ZhWxe_tVh9IjYxyQ6_DCFcY-6CLpDPhYeS15qQ94TvtvFToXg77u3fYIG29K0WNBoyYDXiaEGZwTg1K4XghHYoLZE1jkhTmIWIUny1DNo5qUccVJ-22Foq2cfHPdUnm8T7A2NsPkc:1m2YIV:45_wH-cl606nyDIOozIapAo72JyeJwwEAK5igzv8IbE", "expire_date": "2021-07-25T12:10:59.223Z"}}, {"model": "sessions.session", "pk": "6m9vf23ht3mcc90asd3sf3k14cyfcxsc", "fields": {"session_data": "e30:1m7HIK:YElrDGB3ubkCXoxRBTUSe2uIMjjghk2axL4MR4H_aCA", "expire_date": "2021-08-07T13:02:20.327Z"}}, {"model": "sessions.session", "pk": "81k0ermu85fen8a038aksm1rnhdeeldc", "fields": {"session_data": "e30:1m7HOZ:ayObM0uq-fxaj6HEJc9Qy5LZYHLhz5BdG0KdF8hbz88", "expire_date": "2021-08-07T13:08:47.170Z"}}, {"model": "sessions.session", "pk": "ann3jj37j6j2vxgmw23gebk4vuypr80t", "fields": {"session_data": ".eJxVjMsOwiAQRf-FdUMoU_pauvcbyACDRQ2YTms0xn_XJl3o9p5zz0tYXJfJrkyzTUGMAkT1uzn0F8obCGfMpyJ9ycucnNwUuVOWxxLoetjdv8CEPH3fxlEkiIq01k2IdXAaWghDH1FpQ533gKqrfQNdA63BDgdEUL3BOgancIsyMaeSLT1uaX6KUVWC8U425VjEGPHK9P4AVtpF8A:1m7eUp:8DRC9vIHAeOqoySKC8I6E1yUfuXPHkaenM09bppzc_o", "expire_date": "2021-08-08T13:48:47.769Z"}}, {"model": "sessions.session", "pk": "dcyl0nt444jeyfhed8chc9540mcq3vgj", "fields": {"session_data": ".eJxVjEEOwiAQRe_C2pCCMEO7dO8ZCAOjRQ2Y0iYa4921SRe6_e_99xI-LPPol8aTz0kMQovd70YhXrmsIF1COVcZa5mnTHJV5EabPNbEt8Pm_gXG0Mbvm3VH6E4KDRiGtDdGO3boQPWAjFrtKRE4BgKMqesJLSpjrU2GAKJZo41by7V4ftzz9BRD9_4AUEY-FA:1m5v0G:Qphuasfohqpcztj02-kIXs4w1h5_eJFjGOop-w5zDxo", "expire_date": "2021-08-03T19:02:04.445Z"}}, {"model": "sessions.session", "pk": "e3s7wxvpzmrleaz84o349p3531716e09", "fields": {"session_data": ".eJxVjsEOwiAQBf-Fc0NogdL26N1vIAvsWtSAgdZojP9uanrQ65vJ5L2YhXWZ7Vqx2BjYxBRrfjcH_oJpA-EM6ZS5z2kp0fFN4Tut_JgDXg-7-xeYoc5btg0Dyc7pgbQn4UkhyXbsldOGQELrfd-5AEYJLZ0GYbQxqifoaBQDfV9VrDXmZPFxi-XJJtGwCne0MVFm01JWfH8ABI9FZw:1m8lqt:XJ_PFZ4JzU5UoVM6y4rFCgjA9YHzhNKTppnm5bfGags", "expire_date": "2021-08-11T15:52:11.491Z"}}, {"model": "sessions.session", "pk": "edgnytbptphrmbfztoewzlzawfcfhqwl", "fields": {"session_data": ".eJxVjEEOwiAQRe_C2pCBKaXt0r1nIAMMFjXUlDbRGO-uTbrQ7X_vv5dwtC6jWyvPLkcxCBSH381TuHLZQLxQOU8yTGWZs5ebInda5WmKfDvu7l9gpDp-38ZzYkzAWusmJhW9xhZj3yUCbdiGgARWhQZtg60hSz0RQmdIpeiBtmjlWvNUHD_ueX6KQWnoW4D3Byb_QLM:1m8dhY:4nkf_gIkyXIO3HIlWUC1KMxdPfvWfG3A5TtSDpus0Sc", "expire_date": "2021-08-11T07:10:00.659Z"}}, {"model": "sessions.session", "pk": "f1f8d19hzcirfpnq9s7bbd7c7iuehoqy", "fields": {"session_data": ".eJxVjEEOwiAQAP_C2RBgSwCP3n0D2WWpVA0kpT0Z_64kPeh1ZjIvEXHfStx7XuPC4iy0OP0ywvTIdQi-Y701mVrd1oXkSORhu7w2zs_L0f4NCvYytqDYWbbogch5NHaywczGEAYFgbRn9jYwA6dZqazVV-sEIWhwNBnx_gDMTjcK:1lyU5Q:ODYrmoA9sp0dToI2EiBodHBhpwNmIBQZX8ZEsTaaAtk", "expire_date": "2021-07-14T06:52:40.860Z"}}, {"model": "sessions.session", "pk": "m8wub2db5g612fq29umdjm5agli54r28", "fields": {"session_data": ".eJxVjEsOwiAUAO_C2hA-JYUu3XsG8h6PWtSAgTbRGO-uJF3odmYyL-ZhWxe_tVh9IjYxyQ6_DCFcY-6CLpDPhYeS15qQ94TvtvFToXg77u3fYIG29K0WNBoyYDXiaEGZwTg1K4XghHYoLZE1jkhTmIWIUny1DNo5qUccVJ-22Foq2cfHPdUnm8T7A2NsPkc:1m6Wyn:O_S53RSGOSmVBjeUAzAKgzbxqP-B206U_9GJgRzbBuA", "expire_date": "2021-08-05T11:35:05.292Z"}}, {"model": "sessions.session", "pk": "mallwo8g64ybs4uprvdlesw9exw8ig90", "fields": {"session_data": ".eJxljMsOwiAQRf-FddP0AQPt0r3fQICZWrSCgdZojP-uNY2JcXvOuffBjHNxCbO-UvKDJ9R0Nn5ifVimqfjaJVNiPWtYwbRZ5vEDtMd_Zo07UVgFHk04xNLFMCdvyzUpN5vLfUSadlv7czCaPL7X1FRWqqGWHDgBtpw3ipRUUHcgSTZ1a9GCIrAgHVadlULWXAiB3AI4vp5mytnHoOl28enO-ur5AkMuT6U:1m1inW:K_4DuSLwHgmnz7O26swq4DNrPMelTFAlZ81yvwllc4c", "expire_date": "2021-07-23T05:11:34.899Z"}}, {"model": "sessions.session", "pk": "mpes2b0njgz23yxe3xqzl8312jyis8hn", "fields": {"session_data": "e30:1m7gkk:WiRB74EDf375hhDawt5vcQkqnRNrbapGyRdyhp-c2Ms", "expire_date": "2021-08-08T16:13:22.740Z"}}, {"model": "sessions.session", "pk": "phfsju3kmkd93etwiotoyqjw6yqc68l9", "fields": {"session_data": "e30:1m7cYs:Y8GXA04B5podV41DbFTeI8usaN-iLsXtQ3ppJ19sbew", "expire_date": "2021-08-08T11:44:50.333Z"}}, {"model": "sessions.session", "pk": "plp1domebz3kjdg937n80295aj1146ei", "fields": {"session_data": ".eJxVjEEOwiAQRe_C2hDKlNJ26d4zkIEZLGrAlDbRGO-uTbrQ7X_vv5dwuC6TWyvPLpEYBYjD7-YxXDlvgC6Yz0WGkpc5ebkpcqdVngrx7bi7f4EJ6_R9G8-RISrWWrcUG_IaOqChj6i0YRsCoLJNaMG20Bm0OCCC6g02kbzCLVq51lSy48c9zU8xqvcHp14_gQ:1m81pj:qPtDQOUpwPKJqt9lh1TaxwVlAskRNGncg1gIpvgoe-4", "expire_date": "2021-08-09T14:43:55.795Z"}}, {"model": "sessions.session", "pk": "ppdzue47luzrvmb5gz2q41478tbgy4y0", "fields": {"session_data": ".eJxVjEEOwiAQAP_C2RBgSwCP3n0D2WWpVA0kpT0Z_64kPeh1ZjIvEXHfStx7XuPC4iy0OP0ywvTIdQi-Y701mVrd1oXkSORhu7w2zs_L0f4NCvYytqDYWbbogch5NHaywczGEAYFgbRn9jYwA6dZqazVV-sEIWhwNBnx_gDMTjcK:1lxV6j:Vhe6_FjA3ogKFvtCL5lMoesezyYEGbosBpAOeREz6tY", "expire_date": "2021-07-11T13:45:57.479Z"}}, {"model": "sessions.session", "pk": "qi9z2rwxwtpdidx2476k5kqtmvaeinh6", "fields": {"session_data": "e30:1m7Hsg:chvtPac4Mqzi86v5L8x0GEQvid7nCS7oEvHpoKmKO1g", "expire_date": "2021-08-07T13:39:54.336Z"}}, {"model": "sessions.session", "pk": "rop73pwcrcfhq2u7xax8ec918rw8wai4", "fields": {"session_data": ".eJxVjEsOwiAUAO_C2hB-D6hL9z0DeXyeVA1NSrsy3t2QdKHbmcm8WcBjr-HoZQtLZldm2OWXRUzP0obID2z3lae17dsS-Uj4aTuf11xet7P9G1TsdWxl9qRVBE-QSCQyhbScrIngCDXKlKyKGZ0RoCOgcOCcsYSKJuHJsM8X87I4Bg:1m7Hv3:eEBKSIAcdtQcOVcrE3be39MXiyShfYJEJS9nYgHdJPY", "expire_date": "2021-08-07T13:42:21.154Z"}}, {"model": "sessions.session", "pk": "umh34d90amt28m5aqexjffrzye2xm479", "fields": {"session_data": ".eJxVjEsOwiAUAO_C2hA-JYUu3XsG8h6PWtSAgTbRGO-uJF3odmYyL-ZhWxe_tVh9IjYxyQ6_DCFcY-6CLpDPhYeS15qQ94TvtvFToXg77u3fYIG29K0WNBoyYDXiaEGZwTg1K4XghHYoLZE1jkhTmIWIUny1DNo5qUccVJ-22Foq2cfHPdUnm8T7A2NsPkc:1lzk40:IA6JImCW8EBIOigh04B7ryjd8SfHuuTJov9_pPfTQio", "expire_date": "2021-07-17T18:08:24.951Z"}}, {"model": "sessions.session", "pk": "w9gjwi0atwic3lxyi3o1u5s0is1sddu3", "fields": {"session_data": "e30:1m7cad:5JurWVi9bH1iyeMHeGGffJkYAnuz8bP_NMSzFb_qEO4", "expire_date": "2021-08-08T11:46:39.685Z"}}, {"model": "sessions.session", "pk": "yfu9y19h2ltl6xchj75y0ymqepn0mmzy", "fields": {"session_data": "e30:1m7HJx:feNtfEb8JfniR5oXLAg-3IGbdrc0xj9ADu90UcBvi4M", "expire_date": "2021-08-07T13:04:01.848Z"}}, {"model": "sessions.session", "pk": "yoi8tvxdebcozzbr3drmr20slapc7jac", "fields": {"session_data": ".eJxVjEsOwiAUAO_C2hA-JYUu3XsG8h6PWtSAgTbRGO-uJF3odmYyL-ZhWxe_tVh9IjYxyQ6_DCFcY-6CLpDPhYeS15qQ94TvtvFToXg77u3fYIG29K0WNBoyYDXiaEGZwTg1K4XghHYoLZE1jkhTmIWIUny1DNo5qUccVJ-22Foq2cfHPdUnm8T7A2NsPkc:1m0IF7:bJjISs_6x5tVvo1miiQ9MNh4pDkrhozbdVTGvd2G9Vc", "expire_date": "2021-07-19T06:38:09.133Z"}}, {"model": "sessions.session", "pk": "zlz3godnfjcg1y12upsuulu9mu01ztgx", "fields": {"session_data": ".eJxVjEEOwiAQRe_C2hDKlNJ26d4zkIEZLGrAlDbRGO-uTbrQ7X_vv5dwuC6TWyvPLpEYBYjD7-YxXDlvgC6Yz0WGkpc5ebkpcqdVngrx7bi7f4EJ6_R9G8-RISrWWrcUG_IaOqChj6i0YRsCoLJNaMG20Bm0OCCC6g02kbzCLVq51lSy48c9zU8xqvcHp14_gQ:1m8nFV:dck5bKAS7INSUoJOmUJwQHytkkYa1AZvDXx8N_tp1ts", "expire_date": "2021-08-11T17:21:41.241Z"}}, {"model": "sites.site", "pk": 1, "fields": {"domain": "dustylantern.com", "name": "Dusty Lantern"}}, {"model": "account.emailaddress", "pk": 3, "fields": {"user": 3, "email": "smet.anouk@gmail.com", "verified": true, "primary": true}}, {"model": "account.emailaddress", "pk": 4, "fields": {"user": 4, "email": "arturpinho@gmail.com", "verified": true, "primary": true}}, {"model": "account.emailaddress", "pk": 5, "fields": {"user": 5, "email": "lacola9776@farthy.com", "verified": true, "primary": true}}, {"model": "products.category", "pk": 1, "fields": {"name": "art", "friendly_name": "Art", "fa_icon_class": "fas fa-palette fa-2x"}}, {"model": "products.category", "pk": 2, "fields": {"name": "books", "friendly_name": "Books", "fa_icon_class": "fas fa-book fa-2x"}}, {"model": "products.category", "pk": 3, "fields": {"name": "clothes", "friendly_name": "Clothes", "fa_icon_class": "fas fa-tshirt fa-2x"}}, {"model": "products.category", "pk": 4, "fields": {"name": "decoration", "friendly_name": "Decoration", "fa_icon_class": "fas fa-magic fa-2x"}}, {"model": "products.category", "pk": 5, "fields": {"name": "electronics", "friendly_name": "Electronics", "fa_icon_class": "fas fa-laptop fa-2x"}}, {"model": "products.category", "pk": 6, "fields": {"name": "furniture", "friendly_name": "Furniture", "fa_icon_class": "fas fa-couch fa-2x"}}, {"model": "products.category", "pk": 7, "fields": {"name": "home_appliances", "friendly_name": "Home Appliances", "fa_icon_class": "fas fa-blender fa-2x"}}, {"model": "products.category", "pk": 8, "fields": {"name": "music", "friendly_name": "Music", "fa_icon_class": "fas fa-music fa-2x"}}, {"model": "products.category", "pk": 9, "fields": {"name": "vehicles", "friendly_name": "Vehicles", "fa_icon_class": "fas fa-car-side fa-2x"}}, {"model": "products.category", "pk": 10, "fields": {"name": "accessories", "friendly_name": "Accessories", "fa_icon_class": "fas fa-hat-cowboy fa-2x"}}, {"model": "products.condition", "pk": 1, "fields": {"description": "brand_new", "friendly_description": "Brand New"}}, {"model": "products.condition", "pk": 2, "fields": {"description": "like_new", "friendly_description": "Like New"}}, {"model": "products.condition", "pk": 3, "fields": {"description": "very_good", "friendly_description": "Very Good"}}, {"model": "products.condition", "pk": 4, "fields": {"description": "good", "friendly_description": "Good"}}, {"model": "products.condition", "pk": 5, "fields": {"description": "acceptable", "friendly_description": "Acceptable"}}, {"model": "products.condition", "pk": 6, "fields": {"description": "needs_fix", "friendly_description": "Needs to be fixed"}}, {"model": "products.product", "pk": 1, "fields": {"title": "Bicycle", "description": "This is the description from the bike.", "category": 9, "measurements": "24' tires", "brand": "Gazelle", "condition": 4, "creation_date": "2021-06-27"}}, {"model": "products.product", "pk": 2, "fields": {"title": "Car", "description": "MGB GT from 1975. Motor is damaged and with oil leaks. Needs to be repaired", "category": 9, "measurements": "", "brand": "MGB GT", "condition": 6, "creation_date": "2021-06-27"}}, {"model": "products.product", "pk": 3, "fields": {"title": "Ring", "description": "", "category": 10, "measurements": "Size 9", "brand": "Cartier", "condition": 2, "creation_date": "2021-06-27"}}, {"model": "products.product", "pk": 4, "fields": {"title": "Laptop", "description": "laptop", "category": 5, "measurements": null, "brand": "Dell", "condition": 4, "creation_date": "2021-06-27"}}, {"model": "products.product", "pk": 5, "fields": {"title": "Dining table", "description": "qeqwedrqwe", "category": 6, "measurements": "120cm lenght x 90cm width and 90cm height", "brand": null, "condition": 1, "creation_date": "2021-06-27"}}, {"model": "products.product", "pk": 6, "fields": {"title": "Painting", "description": "Alcazar Segovia Spain 1836 By David Roberts. Frame not included", "category": 1, "measurements": "", "brand": "", "condition": 3, "creation_date": "2021-06-27"}}, {"model": "products.product", "pk": 7, "fields": {"title": "Harry Potter books", "description": "Complete collection in english of the Harry Potter", "category": 2, "measurements": "", "brand": "", "condition": 5, "creation_date": "2021-06-27"}}, {"model": "products.product", "pk": 8, "fields": {"title": "Coffee Machine", "description": "Coffee Machine of Krups in good state.\r\nOnly 1 year old.", "category": 7, "measurements": "30cm heigth", "brand": "Krups", "condition": 4, "creation_date": "2021-06-27"}}, {"model": "products.product", "pk": 9, "fields": {"title": "Rug", "description": "", "category": 4, "measurements": "150cm x 90cm", "brand": "", "condition": 5, "creation_date": "2021-06-27"}}, {"model": "products.product", "pk": 10, "fields": {"title": "Watch", "description": "No description", "category": 10, "measurements": null, "brand": "Rolex", "condition": 2, "creation_date": "2021-06-27"}}, {"model": "products.product", "pk": 11, "fields": {"title": "Jeans", "description": "No current description", "category": 3, "measurements": "M", "brand": "Levi's", "condition": 4, "creation_date": "2021-06-27"}}, {"model": "products.product", "pk": 12, "fields": {"title": "Wing Piano", "description": "Black baby-wing piano", "category": 1, "measurements": null, "brand": null, "condition": 3, "creation_date": "2021-06-27"}}, {"model": "products.product", "pk": 13, "fields": {"title": "fsf", "description": "ssfs", "category": 3, "measurements": "fs", "brand": "fs", "condition": 3, "creation_date": "2021-07-26"}}, {"model": "products.product", "pk": 14, "fields": {"title": "fzfzfz", "description": "fzfzfz", "category": 6, "measurements": "fz", "brand": "fz", "condition": 2, "creation_date": "2021-07-11"}}, {"model": "products.product", "pk": 17, "fields": {"title": "Test", "description": "Test", "category": 3, "measurements": "h", "brand": "jiohj", "condition": 2, "creation_date": "2021-07-26"}}, {"model": "products.product", "pk": 18, "fields": {"title": "Test", "description": "Test", "category": 3, "measurements": "h", "brand": "jiohj", "condition": 2, "creation_date": "2021-07-26"}}, {"model": "products.product", "pk": 20, "fields": {"title": "gr", "description": "gr", "category": 4, "measurements": "gr", "brand": "gr", "condition": 2, "creation_date": "2021-07-26"}}, {"model": "products.product", "pk": 21, "fields": {"title": "Test", "description": "gegegf", "category": 3, "measurements": "gegege", "brand": "gegege", "condition": 2, "creation_date": "2021-07-22"}}, {"model": "products.product", "pk": 22, "fields": {"title": "Couch", "description": "efefe", "category": 6, "measurements": "fefe", "brand": "fefe", "condition": 2, "creation_date": "2021-07-27"}}, {"model": "products.product", "pk": 25, "fields": {"title": "grgrgrgr", "description": "grgr", "category": 3, "measurements": "grgr", "brand": "grg", "condition": 2, "creation_date": "2021-07-29"}}, {"model": "products.product", "pk": 26, "fields": {"title": "fefe", "description": "fefe", "category": 3, "measurements": "fefe", "brand": "fefe", "condition": 1, "creation_date": "2021-07-29"}}, {"model": "products.product", "pk": 27, "fields": {"title": "Test image", "description": "efefe", "category": 3, "measurements": "rgrzg", "brand": "GR", "condition": 3, "creation_date": "2021-07-28"}}, {"model": "products.product", "pk": 28, "fields": {"title": "test another imag", "description": "fefe", "category": 4, "measurements": "fefe", "brand": "fefe", "condition": 2, "creation_date": "2021-07-27"}}, {"model": "products.product", "pk": 29, "fields": {"title": "Test multuple", "description": "grgr", "category": 5, "measurements": "gr", "brand": "gr", "condition": 2, "creation_date": "2021-07-27"}}, {"model": "products.product", "pk": 30, "fields": {"title": "rnaodm", "description": "fgefe", "category": 3, "measurements": "fefe", "brand": "fefe", "condition": 1, "creation_date": "2021-07-28"}}, {"model": "products.product", "pk": 31, "fields": {"title": "Kitchen", "description": "nflefne", "category": 2, "measurements": "fe", "brand": null, "condition": 2, "creation_date": "2021-07-28"}}, {"model": "products.product", "pk": 32, "fields": {"title": "Kitchen", "description": "fefe", "category": 3, "measurements": null, "brand": null, "condition": 1, "creation_date": "2021-07-27"}}, {"model": "products.product", "pk": 33, "fields": {"title": "Kitchen", "description": "fefe", "category": 2, "measurements": null, "brand": null, "condition": 2, "creation_date": "2021-07-28"}}, {"model": "products.product", "pk": 34, "fields": {"title": "Fireplace", "description": "fefe", "category": 6, "measurements": null, "brand": null, "condition": 3, "creation_date": "2021-07-28"}}, {"model": "products.product", "pk": 35, "fields": {"title": "Closet", "description": "gr", "category": 4, "measurements": null, "brand": null, "condition": 2, "creation_date": "2021-07-27"}}, {"model": "products.product", "pk": 36, "fields": {"title": "Chairs", "description": "fe", "category": 2, "measurements": null, "brand": null, "condition": 1, "creation_date": "2021-07-27"}}, {"model": "products.product", "pk": 37, "fields": {"title": "Oven", "description": "fe", "category": 8, "measurements": null, "brand": null, "condition": 1, "creation_date": "2021-07-27"}}, {"model": "products.product", "pk": 38, "fields": {"title": "WIne", "description": "ef", "category": 3, "measurements": null, "brand": null, "condition": 1, "creation_date": "2021-07-27"}}, {"model": "products.product", "pk": 39, "fields": {"title": "Beer", "description": "fe", "category": 5, "measurements": null, "brand": null, "condition": 1, "creation_date": "2021-07-27"}}, {"model": "products.product", "pk": 40, "fields": {"title": "Gin", "description": "fefe", "category": 3, "measurements": null, "brand": null, "condition": 2, "creation_date": "2021-08-01"}}, {"model": "products.product", "pk": 43, "fields": {"title": "Artur", "description": "efefe", "category": 6, "measurements": null, "brand": null, "condition": 4, "creation_date": "2021-07-31"}}, {"model": "products.image", "pk": 1, "fields": {"product": 1, "image": "DL0000AA0001.jpg", "main_image": true}}, {"model": "products.image", "pk": 2, "fields": {"product": 2, "image": "DL0000AA0002.jpg", "main_image": false}}, {"model": "products.image", "pk": 3, "fields": {"product": 2, "image": "DL0000AA0003.jpg", "main_image": true}}, {"model": "products.image", "pk": 4, "fields": {"product": 3, "image": "DL0000AA0004.jpg", "main_image": true}}, {"model": "products.image", "pk": 5, "fields": {"product": 3, "image": "DL0000AA0005.jpg", "main_image": false}}, {"model": "products.image", "pk": 7, "fields": {"product": 4, "image": "DL0000AA0006.jpg", "main_image": true}}, {"model": "products.image", "pk": 8, "fields": {"product": 5, "image": "DL0000AA0007.jpg", "main_image": true}}, {"model": "products.image", "pk": 9, "fields": {"product": 6, "image": "DL0000AA0008.jpg", "main_image": true}}, {"model": "products.image", "pk": 10, "fields": {"product": 7, "image": "DL0000AA0009.jpg", "main_image": true}}, {"model": "products.image", "pk": 11, "fields": {"product": 8, "image": "DL0000AA0016.jpg", "main_image": true}}, {"model": "products.image", "pk": 12, "fields": {"product": 9, "image": "DL0000AA0017.jpg", "main_image": true}}, {"model": "products.image", "pk": 13, "fields": {"product": 10, "image": "DL0000AA0010.jpg", "main_image": false}}, {"model": "products.image", "pk": 14, "fields": {"product": 10, "image": "DL0000AA0011.jpg", "main_image": true}}, {"model": "products.image", "pk": 15, "fields": {"product": 11, "image": "DL0000AA0012.jpg", "main_image": false}}, {"model": "products.image", "pk": 16, "fields": {"product": 11, "image": "DL0000AA0013.jpg", "main_image": true}}, {"model": "products.image", "pk": 17, "fields": {"product": 12, "image": "DL0000AA0014.jpg", "main_image": false}}, {"model": "products.image", "pk": 18, "fields": {"product": 12, "image": "DL0000AA0015.jpg", "main_image": true}}, {"model": "products.image", "pk": 19, "fields": {"product": 4, "image": "dusty_lantern_logo_4Y1ZVFi.png", "main_image": false}}, {"model": "products.image", "pk": 20, "fields": {"product": 5, "image": "DP0414201617030734M.jpg", "main_image": false}}, {"model": "products.image", "pk": 21, "fields": {"product": 33, "image": "images", "main_image": false}}, {"model": "products.image", "pk": 22, "fields": {"product": 34, "image": "images", "main_image": false}}, {"model": "products.image", "pk": 23, "fields": {"product": 35, "image": "images", "main_image": false}}, {"model": "products.image", "pk": 24, "fields": {"product": 40, "image": "yamaha-piano-u1m-zwart-hoogglans-messing-open.jpeg", "main_image": true}}, {"model": "products.image", "pk": 25, "fields": {"product": 40, "image": "Screenshot_2021-07-26_at_15.20.13.png", "main_image": false}}, {"model": "products.image", "pk": 26, "fields": {"product": 40, "image": "Screenshot_2021-07-22_at_16.08.08.png", "main_image": false}}, {"model": "products.image", "pk": 33, "fields": {"product": 43, "image": "ski_xWIz9Q0.jpeg", "main_image": true}}, {"model": "products.image", "pk": 34, "fields": {"product": 43, "image": "route66_x8Ve0qt.jpeg", "main_image": false}}, {"model": "products.image", "pk": 35, "fields": {"product": 43, "image": "planets_UwTvppB.jpeg", "main_image": false}}, {"model": "auctions.auction", "pk": 1, "fields": {"product": 1, "base_amount": "25.00", "bidding_increment": "1.60", "start_date_time": "2021-07-27T21:13:10Z", "end_date_time": "2021-07-28T07:58:21Z", "is_sold": true}}, {"model": "auctions.auction", "pk": 2, "fields": {"product": 4, "base_amount": "200.00", "bidding_increment": "5.00", "start_date_time": "2021-07-24T14:13:42Z", "end_date_time": "2021-07-24T17:00:00Z", "is_sold": false}}, {"model": "auctions.auction", "pk": 4, "fields": {"product": 6, "base_amount": "40000.00", "bidding_increment": "99.99", "start_date_time": "2021-07-24T13:44:37Z", "end_date_time": "2021-07-24T23:00:00Z", "is_sold": true}}, {"model": "auctions.auction", "pk": 6, "fields": {"product": 5, "base_amount": "200.00", "bidding_increment": "10.00", "start_date_time": "2021-07-12T15:23:12Z", "end_date_time": "2021-07-13T00:00:00Z", "is_sold": false}}, {"model": "auctions.auction", "pk": 7, "fields": {"product": 7, "base_amount": "50.00", "bidding_increment": "1.00", "start_date_time": "2021-07-13T08:10:00Z", "end_date_time": "2021-07-24T15:20:19Z", "is_sold": false}}, {"model": "auctions.auction", "pk": 8, "fields": {"product": 2, "base_amount": "5000.00", "bidding_increment": "500.00", "start_date_time": "2021-07-24T12:18:31Z", "end_date_time": "2021-07-26T15:20:38Z", "is_sold": true}}, {"model": "auctions.auction", "pk": 9, "fields": {"product": 8, "base_amount": "30.00", "bidding_increment": "1.00", "start_date_time": "2021-07-26T06:52:17Z", "end_date_time": "2021-07-26T09:52:32Z", "is_sold": false}}, {"model": "auctions.auction", "pk": 10, "fields": {"product": 3, "base_amount": "200.00", "bidding_increment": "10.00", "start_date_time": "2021-07-21T22:50:00Z", "end_date_time": "2021-07-28T20:53:00Z", "is_sold": false}}, {"model": "auctions.auction", "pk": 11, "fields": {"product": 10, "base_amount": "80.00", "bidding_increment": "5.00", "start_date_time": "2021-07-26T20:55:00Z", "end_date_time": "2021-07-26T21:55:00Z", "is_sold": false}}, {"model": "auctions.auction", "pk": 12, "fields": {"product": 1, "base_amount": "25.00", "bidding_increment": "2.00", "start_date_time": "2021-07-26T18:59:33Z", "end_date_time": "2021-07-26T19:59:36Z", "is_sold": true}}, {"model": "auctions.auction", "pk": 14, "fields": {"product": 40, "base_amount": "10.00", "bidding_increment": "1.00", "start_date_time": "2021-07-25T22:14:00Z", "end_date_time": "2021-07-29T22:14:00Z", "is_sold": false}}, {"model": "auctions.auction", "pk": 17, "fields": {"product": 3, "base_amount": "500.00", "bidding_increment": "10.00", "start_date_time": "2021-07-27T16:30:21Z", "end_date_time": "2021-07-27T20:59:59Z", "is_sold": true}}, {"model": "auctions.bid", "pk": 35, "fields": {"bidder": 3, "auction": 4, "bidding_time": "2021-07-22T12:34:36Z", "bid": "43099.79"}}, {"model": "auctions.bid", "pk": 40, "fields": {"bidder": 4, "auction": 1, "bidding_time": "2021-07-24T14:20:13.400Z", "bid": "31.00"}}, {"model": "auctions.bid", "pk": 41, "fields": {"bidder": 3, "auction": 1, "bidding_time": "2021-07-24T16:05:31.643Z", "bid": "32.50"}}, {"model": "auctions.bid", "pk": 43, "fields": {"bidder": 3, "auction": 8, "bidding_time": "2021-07-25T09:19:41.518Z", "bid": "5500.00"}}, {"model": "auctions.bid", "pk": 44, "fields": {"bidder": 3, "auction": 1, "bidding_time": "2021-07-25T09:35:14.830Z", "bid": "34.00"}}, {"model": "auctions.bid", "pk": 45, "fields": {"bidder": 3, "auction": 1, "bidding_time": "2021-07-25T09:36:37.304Z", "bid": "35.50"}}, {"model": "auctions.bid", "pk": 46, "fields": {"bidder": 3, "auction": 1, "bidding_time": "2021-07-25T09:39:37.406Z", "bid": "37.00"}}, {"model": "auctions.bid", "pk": 47, "fields": {"bidder": 3, "auction": 1, "bidding_time": "2021-07-25T10:22:46.190Z", "bid": "38.50"}}, {"model": "auctions.bid", "pk": 48, "fields": {"bidder": 3, "auction": 1, "bidding_time": "2021-07-25T10:30:55.975Z", "bid": "40.00"}}, {"model": "auctions.bid", "pk": 49, "fields": {"bidder": 3, "auction": 1, "bidding_time": "2021-07-25T10:33:14.663Z", "bid": "41.50"}}, {"model": "auctions.bid", "pk": 50, "fields": {"bidder": 3, "auction": 1, "bidding_time": "2021-07-25T10:34:49.015Z", "bid": "43.00"}}, {"model": "auctions.bid", "pk": 51, "fields": {"bidder": 3, "auction": 1, "bidding_time": "2021-07-25T10:36:33.662Z", "bid": "44.50"}}, {"model": "auctions.bid", "pk": 52, "fields": {"bidder": 3, "auction": 1, "bidding_time": "2021-07-25T10:52:19.431Z", "bid": "46.00"}}, {"model": "auctions.bid", "pk": 53, "fields": {"bidder": 3, "auction": 1, "bidding_time": "2021-07-25T10:53:40.244Z", "bid": "47.50"}}, {"model": "auctions.bid", "pk": 54, "fields": {"bidder": 3, "auction": 1, "bidding_time": "2021-07-25T10:57:43.247Z", "bid": "49.00"}}, {"model": "auctions.bid", "pk": 55, "fields": {"bidder": 3, "auction": 1, "bidding_time": "2021-07-25T10:59:19.539Z", "bid": "50.50"}}, {"model": "auctions.bid", "pk": 56, "fields": {"bidder": 3, "auction": 1, "bidding_time": "2021-07-25T11:01:50.082Z", "bid": "52.00"}}, {"model": "auctions.bid", "pk": 57, "fields": {"bidder": 3, "auction": 1, "bidding_time": "2021-07-25T11:05:47.214Z", "bid": "53.50"}}, {"model": "auctions.bid", "pk": 58, "fields": {"bidder": 3, "auction": 1, "bidding_time": "2021-07-25T11:08:12.149Z", "bid": "55.00"}}, {"model": "auctions.bid", "pk": 59, "fields": {"bidder": 3, "auction": 1, "bidding_time": "2021-07-25T11:12:16.790Z", "bid": "56.50"}}, {"model": "auctions.bid", "pk": 60, "fields": {"bidder": 3, "auction": 1, "bidding_time": "2021-07-25T11:13:27.177Z", "bid": "58.00"}}, {"model": "auctions.bid", "pk": 61, "fields": {"bidder": 3, "auction": 1, "bidding_time": "2021-07-25T11:14:38.489Z", "bid": "59.50"}}, {"model": "auctions.bid", "pk": 62, "fields": {"bidder": 3, "auction": 1, "bidding_time": "2021-07-25T11:15:19.076Z", "bid": "61.00"}}, {"model": "auctions.bid", "pk": 63, "fields": {"bidder": 3, "auction": 1, "bidding_time": "2021-07-25T11:16:41.488Z", "bid": "62.50"}}, {"model": "auctions.bid", "pk": 64, "fields": {"bidder": 3, "auction": 1, "bidding_time": "2021-07-25T11:27:38.458Z", "bid": "64.00"}}, {"model": "auctions.bid", "pk": 65, "fields": {"bidder": 3, "auction": 1, "bidding_time": "2021-07-25T12:53:12.180Z", "bid": "65.50"}}, {"model": "auctions.bid", "pk": 66, "fields": {"bidder": 3, "auction": 1, "bidding_time": "2021-07-25T13:01:53.389Z", "bid": "67.00"}}, {"model": "auctions.bid", "pk": 67, "fields": {"bidder": 3, "auction": 1, "bidding_time": "2021-07-25T13:12:01.953Z", "bid": "68.50"}}, {"model": "auctions.bid", "pk": 68, "fields": {"bidder": 3, "auction": 1, "bidding_time": "2021-07-25T13:15:01.395Z", "bid": "70.00"}}, {"model": "auctions.bid", "pk": 69, "fields": {"bidder": 3, "auction": 1, "bidding_time": "2021-07-25T13:21:55.571Z", "bid": "71.50"}}, {"model": "auctions.bid", "pk": 70, "fields": {"bidder": 3, "auction": 1, "bidding_time": "2021-07-25T13:27:40.895Z", "bid": "73.00"}}, {"model": "auctions.bid", "pk": 71, "fields": {"bidder": 3, "auction": 1, "bidding_time": "2021-07-25T13:32:33.764Z", "bid": "74.50"}}, {"model": "auctions.bid", "pk": 72, "fields": {"bidder": 3, "auction": 1, "bidding_time": "2021-07-25T13:35:34.194Z", "bid": "76.00"}}, {"model": "auctions.bid", "pk": 73, "fields": {"bidder": 3, "auction": 1, "bidding_time": "2021-07-25T13:36:34.530Z", "bid": "77.50"}}, {"model": "auctions.bid", "pk": 74, "fields": {"bidder": 3, "auction": 1, "bidding_time": "2021-07-25T13:40:43.590Z", "bid": "79.00"}}, {"model": "auctions.bid", "pk": 75, "fields": {"bidder": 3, "auction": 1, "bidding_time": "2021-07-25T13:41:56.269Z", "bid": "80.50"}}, {"model": "auctions.bid", "pk": 76, "fields": {"bidder": 3, "auction": 1, "bidding_time": "2021-07-25T13:42:50.972Z", "bid": "82.00"}}, {"model": "auctions.bid", "pk": 77, "fields": {"bidder": 3, "auction": 1, "bidding_time": "2021-07-25T13:44:59.345Z", "bid": "83.50"}}, {"model": "auctions.bid", "pk": 78, "fields": {"bidder": 3, "auction": 1, "bidding_time": "2021-07-25T13:46:19.765Z", "bid": "85.00"}}, {"model": "auctions.bid", "pk": 79, "fields": {"bidder": 3, "auction": 1, "bidding_time": "2021-07-25T13:48:18.563Z", "bid": "86.50"}}, {"model": "auctions.bid", "pk": 80, "fields": {"bidder": 5, "auction": 1, "bidding_time": "2021-07-26T08:36:36.027Z", "bid": "88.00"}}, {"model": "auctions.bid", "pk": 81, "fields": {"bidder": 4, "auction": 8, "bidding_time": "2021-07-26T13:14:30.712Z", "bid": "6000.00"}}, {"model": "auctions.bid", "pk": 85, "fields": {"bidder": 4, "auction": 14, "bidding_time": "2021-07-27T08:00:20.077Z", "bid": "10.00"}}, {"model": "auctions.bid", "pk": 86, "fields": {"bidder": 4, "auction": 14, "bidding_time": "2021-07-27T08:00:25.869Z", "bid": "11.00"}}, {"model": "auctions.bid", "pk": 87, "fields": {"bidder": 4, "auction": 14, "bidding_time": "2021-07-27T08:00:31.368Z", "bid": "12.00"}}, {"model": "auctions.bid", "pk": 88, "fields": {"bidder": 4, "auction": 14, "bidding_time": "2021-07-27T08:00:36.416Z", "bid": "13.00"}}, {"model": "auctions.bid", "pk": 89, "fields": {"bidder": 4, "auction": 1, "bidding_time": "2021-07-27T15:00:04.616Z", "bid": "89.60"}}, {"model": "auctions.bid", "pk": 90, "fields": {"bidder": 5, "auction": 10, "bidding_time": "2021-07-27T19:26:01.956Z", "bid": "200.00"}}, {"model": "auctions.bid", "pk": 91, "fields": {"bidder": 4, "auction": 17, "bidding_time": "2021-07-27T20:52:44.099Z", "bid": "500.00"}}, {"model": "auctions.bid", "pk": 92, "fields": {"bidder": 4, "auction": 17, "bidding_time": "2021-07-27T20:53:18.594Z", "bid": "510.00"}}, {"model": "auctions.bid", "pk": 93, "fields": {"bidder": 4, "auction": 17, "bidding_time": "2021-07-27T20:53:22.412Z", "bid": "520.00"}}, {"model": "auctions.bid", "pk": 94, "fields": {"bidder": 4, "auction": 17, "bidding_time": "2021-07-27T20:53:25.877Z", "bid": "530.00"}}, {"model": "auctions.bid", "pk": 95, "fields": {"bidder": 4, "auction": 17, "bidding_time": "2021-07-27T20:53:29.465Z", "bid": "540.00"}}, {"model": "auctions.bid", "pk": 96, "fields": {"bidder": 4, "auction": 17, "bidding_time": "2021-07-27T20:53:30.416Z", "bid": "550.00"}}, {"model": "auctions.bid", "pk": 97, "fields": {"bidder": 4, "auction": 10, "bidding_time": "2021-07-27T21:06:54.825Z", "bid": "210.00"}}, {"model": "auctions.bid", "pk": 98, "fields": {"bidder": 4, "auction": 1, "bidding_time": "2021-07-27T21:41:56.724Z", "bid": "91.20"}}, {"model": "auctions.bid", "pk": 99, "fields": {"bidder": 4, "auction": 1, "bidding_time": "2021-07-27T22:21:51.060Z", "bid": "92.80"}}, {"model": "auctions.bid", "pk": 100, "fields": {"bidder": 4, "auction": 1, "bidding_time": "2021-07-27T22:25:07.581Z", "bid": "94.40"}}, {"model": "auctions.bid", "pk": 101, "fields": {"bidder": 4, "auction": 1, "bidding_time": "2021-07-28T07:53:10.921Z", "bid": "96.00"}}, {"model": "auctions.bid", "pk": 102, "fields": {"bidder": 3, "auction": 1, "bidding_time": "2021-07-28T07:53:57Z", "bid": "97.60"}}, {"model": "auctions.bid", "pk": 103, "fields": {"bidder": 3, "auction": 14, "bidding_time": "2021-07-28T16:02:06.475Z", "bid": "14.00"}}, {"model": "auctions.bid", "pk": 104, "fields": {"bidder": 3, "auction": 14, "bidding_time": "2021-07-28T16:02:29.561Z", "bid": "15.00"}}, {"model": "auctions.bid", "pk": 105, "fields": {"bidder": 4, "auction": 10, "bidding_time": "2021-07-28T16:05:34.536Z", "bid": "220.00"}}, {"model": "auctions.bid", "pk": 106, "fields": {"bidder": 4, "auction": 10, "bidding_time": "2021-07-28T16:05:36.534Z", "bid": "230.00"}}, {"model": "auctions.bid", "pk": 107, "fields": {"bidder": 4, "auction": 10, "bidding_time": "2021-07-28T16:05:37.500Z", "bid": "240.00"}}, {"model": "auctions.bid", "pk": 108, "fields": {"bidder": 4, "auction": 10, "bidding_time": "2021-07-28T16:05:38.430Z", "bid": "250.00"}}, {"model": "auctions.bid", "pk": 109, "fields": {"bidder": 4, "auction": 10, "bidding_time": "2021-07-28T16:05:39.112Z", "bid": "260.00"}}, {"model": "auctions.bid", "pk": 110, "fields": {"bidder": 4, "auction": 10, "bidding_time": "2021-07-28T16:05:39.945Z", "bid": "270.00"}}, {"model": "auctions.bid", "pk": 111, "fields": {"bidder": 4, "auction": 10, "bidding_time": "2021-07-28T16:05:41.267Z", "bid": "280.00"}}, {"model": "auctions.bid", "pk": 112, "fields": {"bidder": 4, "auction": 10, "bidding_time": "2021-07-28T16:05:44.622Z", "bid": "290.00"}}, {"model": "auctions.bid", "pk": 113, "fields": {"bidder": 4, "auction": 10, "bidding_time": "2021-07-28T16:05:45.560Z", "bid": "300.00"}}, {"model": "auctions.bid", "pk": 114, "fields": {"bidder": 4, "auction": 10, "bidding_time": "2021-07-28T16:05:46.138Z", "bid": "310.00"}}, {"model": "auctions.bid", "pk": 115, "fields": {"bidder": 4, "auction": 10, "bidding_time": "2021-07-28T16:05:46.761Z", "bid": "320.00"}}, {"model": "auctions.bid", "pk": 116, "fields": {"bidder": 4, "auction": 10, "bidding_time": "2021-07-28T16:05:47.309Z", "bid": "330.00"}}, {"model": "auctions.bid", "pk": 117, "fields": {"bidder": 4, "auction": 10, "bidding_time": "2021-07-28T16:05:48.002Z", "bid": "340.00"}}, {"model": "auctions.bid", "pk": 118, "fields": {"bidder": 4, "auction": 10, "bidding_time": "2021-07-28T16:05:48.673Z", "bid": "350.00"}}, {"model": "auctions.bid", "pk": 119, "fields": {"bidder": 4, "auction": 10, "bidding_time": "2021-07-28T16:06:48.830Z", "bid": "360.00"}}, {"model": "auctions.bid", "pk": 120, "fields": {"bidder": 4, "auction": 10, "bidding_time": "2021-07-28T16:06:49.637Z", "bid": "370.00"}}, {"model": "auctions.bid", "pk": 121, "fields": {"bidder": 4, "auction": 10, "bidding_time": "2021-07-28T16:06:50.194Z", "bid": "380.00"}}, {"model": "auctions.bid", "pk": 122, "fields": {"bidder": 4, "auction": 10, "bidding_time": "2021-07-28T16:06:50.789Z", "bid": "390.00"}}, {"model": "auctions.bid", "pk": 123, "fields": {"bidder": 4, "auction": 10, "bidding_time": "2021-07-28T16:06:51.353Z", "bid": "400.00"}}, {"model": "auctions.bid", "pk": 124, "fields": {"bidder": 4, "auction": 10, "bidding_time": "2021-07-28T16:06:51.910Z", "bid": "410.00"}}, {"model": "auctions.bid", "pk": 125, "fields": {"bidder": 4, "auction": 10, "bidding_time": "2021-07-28T16:06:52.520Z", "bid": "420.00"}}, {"model": "auctions.bid", "pk": 126, "fields": {"bidder": 4, "auction": 10, "bidding_time": "2021-07-28T16:06:53.079Z", "bid": "430.00"}}, {"model": "auctions.bid", "pk": 127, "fields": {"bidder": 4, "auction": 10, "bidding_time": "2021-07-28T16:07:30.521Z", "bid": "440.00"}}, {"model": "auctions.bid", "pk": 128, "fields": {"bidder": 4, "auction": 10, "bidding_time": "2021-07-28T16:07:31.417Z", "bid": "450.00"}}, {"model": "auctions.bid", "pk": 129, "fields": {"bidder": 4, "auction": 10, "bidding_time": "2021-07-28T16:07:32.338Z", "bid": "460.00"}}, {"model": "auctions.bid", "pk": 130, "fields": {"bidder": 3, "auction": 14, "bidding_time": "2021-07-28T16:07:58.954Z", "bid": "16.00"}}, {"model": "profiles.userprofile", "pk": 1, "fields": {"user": 3, "default_phone_number": "07286278548297398", "default_country": "NL", "default_postcode": "1521TK", "default_town_or_city": "Wormerveer", "default_street_address1": "Ohmstraat", "default_street_address2": "20", "default_county": null}}, {"model": "profiles.userprofile", "pk": 2, "fields": {"user": 4, "default_phone_number": "+31629608535", "default_country": "NL", "default_postcode": "1521TK", "default_town_or_city": "Wormerveer", "default_street_address1": "Ohmstraat 20", "default_street_address2": null, "default_county": "Noord-Holland"}}, {"model": "profiles.userprofile", "pk": 3, "fields": {"user": 5, "default_phone_number": "+31629608535", "default_country": "NL", "default_postcode": "1521TK", "default_town_or_city": "Wormerveer", "default_street_address1": "Ohmstraat 20", "default_street_address2": null, "default_county": "Noord-Holland"}}, {"model": "checkout.order", "pk": 63, "fields": {"order_number": "62F36688F5F5475CAC187B49B67FE50F", "user_profile": 1, "first_name": "Anouk", "last_name": "Smet", "email": "smet.anouk@gmail.com", "phone_number": "07286278548297398", "country": "NL", "postcode": "1521TK", "town_or_city": "Wormerveer", "street_address1": "Ohmstraat", "street_address2": "20", "county": null, "date": "2021-07-28T11:50:34.120Z", "auction_fee": "4.88", "order_total": "97.60", "grand_total": "102.48", "stripe_pid": "pi_1JIBHHHpnoIbdaaTApxMNe7A"}}, {"model": "checkout.order", "pk": 65, "fields": {"order_number": "B881AC39FB5D4CCAB16842969252D423", "user_profile": 1, "first_name": "Anouk", "last_name": "Smet", "email": "smet.anouk@gmail.com", "phone_number": "07286278548297398", "country": "NL", "postcode": "1521TK", "town_or_city": "Wormerveer", "street_address1": "Ohmstraat", "street_address2": "20", "county": null, "date": "2021-07-28T12:22:25.494Z", "auction_fee": "431.00", "order_total": "43099.79", "grand_total": "43530.79", "stripe_pid": "pi_1JIBm8HpnoIbdaaTWahjbjRg"}}, {"model": "checkout.order", "pk": 66, "fields": {"order_number": "A948021F2B864E7B9D9E5789209F5E5B", "user_profile": 2, "first_name": "Artur", "last_name": "Morado de Pinho", "email": "arturpinho@gmail.com", "phone_number": "+31629608535", "country": "NL", "postcode": "1521TK", "town_or_city": "Wormerveer", "street_address1": "Ohmstraat 20", "street_address2": "Thsi is field 2 of the street address", "county": "Noord-Holland", "date": "2021-07-28T14:05:58.519Z", "auction_fee": "60.00", "order_total": "6000.00", "grand_total": "6060.00", "stripe_pid": "pi_1JIDOJHpnoIbdaaTWcx2PlUY"}}, {"model": "checkout.order", "pk": 68, "fields": {"order_number": "D96A401BBDD6487F95B8774DD838EB58", "user_profile": 2, "first_name": "Artur", "last_name": "Morado de Pinho", "email": "arturpinho@gmail.com", "phone_number": "+31629608535", "country": "NL", "postcode": "1521TK", "town_or_city": "Wormerveer", "street_address1": "Ohmstraat 20", "street_address2": null, "county": "Noord-Holland", "date": "2021-07-28T15:52:11.199Z", "auction_fee": "13.75", "order_total": "550.00", "grand_total": "563.75", "stripe_pid": "pi_1JIF34HpnoIbdaaT89Z6vpKm"}}, {"model": "checkout.orderlineitem", "pk": 76, "fields": {"order": 63, "auction": 1, "lineitem_total": "97.60"}}, {"model": "checkout.orderlineitem", "pk": 78, "fields": {"order": 65, "auction": 4, "lineitem_total": "43099.79"}}, {"model": "checkout.orderlineitem", "pk": 79, "fields": {"order": 66, "auction": 8, "lineitem_total": "6000.00"}}, {"model": "checkout.orderlineitem", "pk": 81, "fields": {"order": 68, "auction": 17, "lineitem_total": "550.00"}}]